model,training,representation,evaluation_view,samples,evaluated_samples,valid_predictions,invalid_predictions,invalid_prediction_rate,accuracy,balanced_accuracy,precision,recall,f1,roc_auc,f1_ci_low,f1_ci_high,balanced_accuracy_ci_low,balanced_accuracy_ci_high,metric_notes
MLLM,zero-shot,vv,valid-only,40,40,40,0,0.0,0.425,0.5,0.425,1.0,0.5964912280701754,NaN,0.4313725490196079,0.7301587301587301,0.5,0.5,ROC-AUC indisponivel: probabilidades ausentes
MLLM,zero-shot,vv,strict,40,40,40,0,0.0,0.425,0.5,0.425,1.0,0.5964912280701754,NaN,0.4313725490196079,0.7301587301587301,0.5,0.5,ROC-AUC indisponivel: probabilidades ausentes
MLLM,fine-tuned,vv,valid-only,40,40,40,0,0.0,0.725,0.6994884910485933,0.75,0.5294117647058824,0.6206896551724139,NaN,0.39999999999999997,0.8148148148148148,0.5707070707070707,0.8466779448621554,ROC-AUC indisponivel: probabilidades ausentes
MLLM,fine-tuned,vv,strict,40,40,40,0,0.0,0.725,0.6994884910485933,0.75,0.5294117647058824,0.6206896551724139,NaN,0.39999999999999997,0.8148148148148148,0.5707070707070707,0.8466779448621554,ROC-AUC indisponivel: probabilidades ausentes
MLLM,zero-shot,vh,valid-only,40,40,40,0,0.0,0.425,0.5,0.425,1.0,0.5964912280701754,NaN,0.4313725490196079,0.7301587301587301,0.5,0.5,ROC-AUC indisponivel: probabilidades ausentes
MLLM,zero-shot,vh,strict,40,40,40,0,0.0,0.425,0.5,0.425,1.0,0.5964912280701754,NaN,0.4313725490196079,0.7301587301587301,0.5,0.5,ROC-AUC indisponivel: probabilidades ausentes
MLLM,fine-tuned,vh,valid-only,40,40,40,0,0.0,0.475,0.5434782608695652,0.4473684210526316,1.0,0.6181818181818182,NaN,0.4489795918367347,0.761904761904762,0.5,0.6041940789473683,ROC-AUC indisponivel: probabilidades ausentes
MLLM,fine-tuned,vh,strict,40,40,40,0,0.0,0.475,0.5434782608695652,0.4473684210526316,1.0,0.6181818181818182,NaN,0.4489795918367347,0.761904761904762,0.5,0.6041940789473683,ROC-AUC indisponivel: probabilidades ausentes
MLLM,zero-shot,pseudo_rgb,valid-only,40,40,40,0,0.0,0.425,0.5,0.425,1.0,0.5964912280701754,NaN,0.4313725490196079,0.7301587301587301,0.5,0.5,ROC-AUC indisponivel: probabilidades ausentes
MLLM,zero-shot,pseudo_rgb,strict,40,40,40,0,0.0,0.425,0.5,0.425,1.0,0.5964912280701754,NaN,0.4313725490196079,0.7301587301587301,0.5,0.5,ROC-AUC indisponivel: probabilidades ausentes
MLLM,fine-tuned,pseudo_rgb,valid-only,40,40,40,0,0.0,0.675,0.6790281329923273,0.6,0.7058823529411765,0.6486486486486486,NaN,0.4444444444444445,0.8163265306122449,0.5192307692307692,0.8200729166666667,ROC-AUC indisponivel: probabilidades ausentes
MLLM,fine-tuned,pseudo_rgb,strict,40,40,40,0,0.0,0.675,0.6790281329923273,0.6,0.7058823529411765,0.6486486486486486,NaN,0.4444444444444445,0.8163265306122449,0.5192307692307692,0.8200729166666667,ROC-AUC indisponivel: probabilidades ausentes
