image_id,event,class,class_id,water_percentage,s1_path,vv_image,vh_image,pseudo_rgb_image,split
Ghana_103272,Ghana,NON_WATER,0,0.6009202797094909,/home/s299259068/Área de Trabalho/Projetos/2026/artigo_llm/sen1floods11/HandLabeled/S1Hand/Ghana_103272_S1Hand.tif,/home/s299259068/Área de Trabalho/Projetos/2026/artigo_llm/data/images/vv/Ghana_103272.png,/home/s299259068/Área de Trabalho/Projetos/2026/artigo_llm/data/images/vh/Ghana_103272.png,/home/s299259068/Área de Trabalho/Projetos/2026/artigo_llm/data/images/pseudo_rgb/Ghana_103272.png,train
Ghana_1033830,Ghana,WATER,1,41.50898901937581,/home/s299259068/Área de Trabalho/Projetos/2026/artigo_llm/sen1floods11/HandLabeled/S1Hand/Ghana_1033830_S1Hand.tif,/home/s299259068/Área de Trabalho/Projetos/2026/artigo_llm/data/images/vv/Ghana_1033830.png,/home/s299259068/Área de Trabalho/Projetos/2026/artigo_llm/data/images/vh/Ghana_1033830.png,/home/s299259068/Área de Trabalho/Projetos/2026/artigo_llm/data/images/pseudo_rgb/Ghana_1033830.png,train
Ghana_1078550,Ghana,NON_WATER,0,0.5367279052734375,/home/s299259068/Área de Trabalho/Projetos/2026/artigo_llm/sen1floods11/HandLabeled/S1Hand/Ghana_1078550_S1Hand.tif,/home/s299259068/Área de Trabalho/Projetos/2026/artigo_llm/data/images/vv/Ghana_1078550.png,/home/s299259068/Área de Trabalho/Projetos/2026/artigo_llm/data/images/vh/Ghana_1078550.png,/home/s299259068/Área de Trabalho/Projetos/2026/artigo_llm/data/images/pseudo_rgb/Ghana_1078550.png,train
Ghana_11745,Ghana,NON_WATER,0,0.0,/home/s299259068/Área de Trabalho/Projetos/2026/artigo_llm/sen1floods11/HandLabeled/S1Hand/Ghana_11745_S1Hand.tif,/home/s299259068/Área de Trabalho/Projetos/2026/artigo_llm/data/images/vv/Ghana_11745.png,/home/s299259068/Área de Trabalho/Projetos/2026/artigo_llm/data/images/vh/Ghana_11745.png,/home/s299259068/Área de Trabalho/Projetos/2026/artigo_llm/data/images/pseudo_rgb/Ghana_11745.png,train
Ghana_124834,Ghana,NON_WATER,0,0.0,/home/s299259068/Área de Trabalho/Projetos/2026/artigo_llm/sen1floods11/HandLabeled/S1Hand/Ghana_124834_S1Hand.tif,/home/s299259068/Área de Trabalho/Projetos/2026/artigo_llm/data/images/vv/Ghana_124834.png,/home/s299259068/Área de Trabalho/Projetos/2026/artigo_llm/data/images/vh/Ghana_124834.png,/home/s299259068/Área de Trabalho/Projetos/2026/artigo_llm/data/images/pseudo_rgb/Ghana_124834.png,train
Ghana_128663,Ghana,NON_WATER,0,0.0,/home/s299259068/Área de Trabalho/Projetos/2026/artigo_llm/sen1floods11/HandLabeled/S1Hand/Ghana_128663_S1Hand.tif,/home/s299259068/Área de Trabalho/Projetos/2026/artigo_llm/data/images/vv/Ghana_128663.png,/home/s299259068/Área de Trabalho/Projetos/2026/artigo_llm/data/images/vh/Ghana_128663.png,/home/s299259068/Área de Trabalho/Projetos/2026/artigo_llm/data/images/pseudo_rgb/Ghana_128663.png,train
Ghana_132163,Ghana,NON_WATER,0,0.0,/home/s299259068/Área de Trabalho/Projetos/2026/artigo_llm/sen1floods11/HandLabeled/S1Hand/Ghana_132163_S1Hand.tif,/home/s299259068/Área de Trabalho/Projetos/2026/artigo_llm/data/images/vv/Ghana_132163.png,/home/s299259068/Área de Trabalho/Projetos/2026/artigo_llm/data/images/vh/Ghana_132163.png,/home/s299259068/Área de Trabalho/Projetos/2026/artigo_llm/data/images/pseudo_rgb/Ghana_132163.png,train
Ghana_134751,Ghana,NON_WATER,0,0.0,/home/s299259068/Área de Trabalho/Projetos/2026/artigo_llm/sen1floods11/HandLabeled/S1Hand/Ghana_134751_S1Hand.tif,/home/s299259068/Área de Trabalho/Projetos/2026/artigo_llm/data/images/vv/Ghana_134751.png,/home/s299259068/Área de Trabalho/Projetos/2026/artigo_llm/data/images/vh/Ghana_134751.png,/home/s299259068/Área de Trabalho/Projetos/2026/artigo_llm/data/images/pseudo_rgb/Ghana_134751.png,train
Ghana_141271,Ghana,NON_WATER,0,0.62408447265625,/home/s299259068/Área de Trabalho/Projetos/2026/artigo_llm/sen1floods11/HandLabeled/S1Hand/Ghana_141271_S1Hand.tif,/home/s299259068/Área de Trabalho/Projetos/2026/artigo_llm/data/images/vv/Ghana_141271.png,/home/s299259068/Área de Trabalho/Projetos/2026/artigo_llm/data/images/vh/Ghana_141271.png,/home/s299259068/Área de Trabalho/Projetos/2026/artigo_llm/data/images/pseudo_rgb/Ghana_141271.png,train
Ghana_141910,Ghana,WATER,1,26.950836181640625,/home/s299259068/Área de Trabalho/Projetos/2026/artigo_llm/sen1floods11/HandLabeled/S1Hand/Ghana_141910_S1Hand.tif,/home/s299259068/Área de Trabalho/Projetos/2026/artigo_llm/data/images/vv/Ghana_141910.png,/home/s299259068/Área de Trabalho/Projetos/2026/artigo_llm/data/images/vh/Ghana_141910.png,/home/s299259068/Área de Trabalho/Projetos/2026/artigo_llm/data/images/pseudo_rgb/Ghana_141910.png,train
Ghana_142312,Ghana,NON_WATER,0,0.0,/home/s299259068/Área de Trabalho/Projetos/2026/artigo_llm/sen1floods11/HandLabeled/S1Hand/Ghana_142312_S1Hand.tif,/home/s299259068/Área de Trabalho/Projetos/2026/artigo_llm/data/images/vv/Ghana_142312.png,/home/s299259068/Área de Trabalho/Projetos/2026/artigo_llm/data/images/vh/Ghana_142312.png,/home/s299259068/Área de Trabalho/Projetos/2026/artigo_llm/data/images/pseudo_rgb/Ghana_142312.png,train
Ghana_144050,Ghana,NON_WATER,0,0.0,/home/s299259068/Área de Trabalho/Projetos/2026/artigo_llm/sen1floods11/HandLabeled/S1Hand/Ghana_144050_S1Hand.tif,/home/s299259068/Área de Trabalho/Projetos/2026/artigo_llm/data/images/vv/Ghana_144050.png,/home/s299259068/Área de Trabalho/Projetos/2026/artigo_llm/data/images/vh/Ghana_144050.png,/home/s299259068/Área de Trabalho/Projetos/2026/artigo_llm/data/images/pseudo_rgb/Ghana_144050.png,train
Ghana_146222,Ghana,NON_WATER,0,0.0,/home/s299259068/Área de Trabalho/Projetos/2026/artigo_llm/sen1floods11/HandLabeled/S1Hand/Ghana_146222_S1Hand.tif,/home/s299259068/Área de Trabalho/Projetos/2026/artigo_llm/data/images/vv/Ghana_146222.png,/home/s299259068/Área de Trabalho/Projetos/2026/artigo_llm/data/images/vh/Ghana_146222.png,/home/s299259068/Área de Trabalho/Projetos/2026/artigo_llm/data/images/pseudo_rgb/Ghana_146222.png,train
Ghana_154838,Ghana,NON_WATER,0,0.0,/home/s299259068/Área de Trabalho/Projetos/2026/artigo_llm/sen1floods11/HandLabeled/S1Hand/Ghana_154838_S1Hand.tif,/home/s299259068/Área de Trabalho/Projetos/2026/artigo_llm/data/images/vv/Ghana_154838.png,/home/s299259068/Área de Trabalho/Projetos/2026/artigo_llm/data/images/vh/Ghana_154838.png,/home/s299259068/Área de Trabalho/Projetos/2026/artigo_llm/data/images/pseudo_rgb/Ghana_154838.png,train
Ghana_156478,Ghana,NON_WATER,0,0.0,/home/s299259068/Área de Trabalho/Projetos/2026/artigo_llm/sen1floods11/HandLabeled/S1Hand/Ghana_156478_S1Hand.tif,/home/s299259068/Área de Trabalho/Projetos/2026/artigo_llm/data/images/vv/Ghana_156478.png,/home/s299259068/Área de Trabalho/Projetos/2026/artigo_llm/data/images/vh/Ghana_156478.png,/home/s299259068/Área de Trabalho/Projetos/2026/artigo_llm/data/images/pseudo_rgb/Ghana_156478.png,train
Ghana_161233,Ghana,NON_WATER,0,0.0,/home/s299259068/Área de Trabalho/Projetos/2026/artigo_llm/sen1floods11/HandLabeled/S1Hand/Ghana_161233_S1Hand.tif,/home/s299259068/Área de Trabalho/Projetos/2026/artigo_llm/data/images/vv/Ghana_161233.png,/home/s299259068/Área de Trabalho/Projetos/2026/artigo_llm/data/images/vh/Ghana_161233.png,/home/s299259068/Área de Trabalho/Projetos/2026/artigo_llm/data/images/pseudo_rgb/Ghana_161233.png,train
Ghana_167233,Ghana,NON_WATER,0,0.0,/home/s299259068/Área de Trabalho/Projetos/2026/artigo_llm/sen1floods11/HandLabeled/S1Hand/Ghana_167233_S1Hand.tif,/home/s299259068/Área de Trabalho/Projetos/2026/artigo_llm/data/images/vv/Ghana_167233.png,/home/s299259068/Área de Trabalho/Projetos/2026/artigo_llm/data/images/vh/Ghana_167233.png,/home/s299259068/Área de Trabalho/Projetos/2026/artigo_llm/data/images/pseudo_rgb/Ghana_167233.png,train
Ghana_168875,Ghana,NON_WATER,0,0.0,/home/s299259068/Área de Trabalho/Projetos/2026/artigo_llm/sen1floods11/HandLabeled/S1Hand/Ghana_168875_S1Hand.tif,/home/s299259068/Área de Trabalho/Projetos/2026/artigo_llm/data/images/vv/Ghana_168875.png,/home/s299259068/Área de Trabalho/Projetos/2026/artigo_llm/data/images/vh/Ghana_168875.png,/home/s299259068/Área de Trabalho/Projetos/2026/artigo_llm/data/images/pseudo_rgb/Ghana_168875.png,train
Ghana_187318,Ghana,NON_WATER,0,0.0,/home/s299259068/Área de Trabalho/Projetos/2026/artigo_llm/sen1floods11/HandLabeled/S1Hand/Ghana_187318_S1Hand.tif,/home/s299259068/Área de Trabalho/Projetos/2026/artigo_llm/data/images/vv/Ghana_187318.png,/home/s299259068/Área de Trabalho/Projetos/2026/artigo_llm/data/images/vh/Ghana_187318.png,/home/s299259068/Área de Trabalho/Projetos/2026/artigo_llm/data/images/pseudo_rgb/Ghana_187318.png,train
Ghana_194723,Ghana,NON_WATER,0,0.0,/home/s299259068/Área de Trabalho/Projetos/2026/artigo_llm/sen1floods11/HandLabeled/S1Hand/Ghana_194723_S1Hand.tif,/home/s299259068/Área de Trabalho/Projetos/2026/artigo_llm/data/images/vv/Ghana_194723.png,/home/s299259068/Área de Trabalho/Projetos/2026/artigo_llm/data/images/vh/Ghana_194723.png,/home/s299259068/Área de Trabalho/Projetos/2026/artigo_llm/data/images/pseudo_rgb/Ghana_194723.png,train
Ghana_247288,Ghana,WATER,1,66.3364365012197,/home/s299259068/Área de Trabalho/Projetos/2026/artigo_llm/sen1floods11/HandLabeled/S1Hand/Ghana_247288_S1Hand.tif,/home/s299259068/Área de Trabalho/Projetos/2026/artigo_llm/data/images/vv/Ghana_247288.png,/home/s299259068/Área de Trabalho/Projetos/2026/artigo_llm/data/images/vh/Ghana_247288.png,/home/s299259068/Área de Trabalho/Projetos/2026/artigo_llm/data/images/pseudo_rgb/Ghana_247288.png,train
Ghana_24858,Ghana,NON_WATER,0,0.18463134765625,/home/s299259068/Área de Trabalho/Projetos/2026/artigo_llm/sen1floods11/HandLabeled/S1Hand/Ghana_24858_S1Hand.tif,/home/s299259068/Área de Trabalho/Projetos/2026/artigo_llm/data/images/vv/Ghana_24858.png,/home/s299259068/Área de Trabalho/Projetos/2026/artigo_llm/data/images/vh/Ghana_24858.png,/home/s299259068/Área de Trabalho/Projetos/2026/artigo_llm/data/images/pseudo_rgb/Ghana_24858.png,train
Ghana_264787,Ghana,NON_WATER,0,0.0,/home/s299259068/Área de Trabalho/Projetos/2026/artigo_llm/sen1floods11/HandLabeled/S1Hand/Ghana_264787_S1Hand.tif,/home/s299259068/Área de Trabalho/Projetos/2026/artigo_llm/data/images/vv/Ghana_264787.png,/home/s299259068/Área de Trabalho/Projetos/2026/artigo_llm/data/images/vh/Ghana_264787.png,/home/s299259068/Área de Trabalho/Projetos/2026/artigo_llm/data/images/pseudo_rgb/Ghana_264787.png,train
Ghana_319168,Ghana,WATER,1,23.027665128420267,/home/s299259068/Área de Trabalho/Projetos/2026/artigo_llm/sen1floods11/HandLabeled/S1Hand/Ghana_319168_S1Hand.tif,/home/s299259068/Área de Trabalho/Projetos/2026/artigo_llm/data/images/vv/Ghana_319168.png,/home/s299259068/Área de Trabalho/Projetos/2026/artigo_llm/data/images/vh/Ghana_319168.png,/home/s299259068/Área de Trabalho/Projetos/2026/artigo_llm/data/images/pseudo_rgb/Ghana_319168.png,train
Ghana_45911,Ghana,NON_WATER,0,0.0,/home/s299259068/Área de Trabalho/Projetos/2026/artigo_llm/sen1floods11/HandLabeled/S1Hand/Ghana_45911_S1Hand.tif,/home/s299259068/Área de Trabalho/Projetos/2026/artigo_llm/data/images/vv/Ghana_45911.png,/home/s299259068/Área de Trabalho/Projetos/2026/artigo_llm/data/images/vh/Ghana_45911.png,/home/s299259068/Área de Trabalho/Projetos/2026/artigo_llm/data/images/pseudo_rgb/Ghana_45911.png,train
Ghana_49890,Ghana,NON_WATER,0,0.0,/home/s299259068/Área de Trabalho/Projetos/2026/artigo_llm/sen1floods11/HandLabeled/S1Hand/Ghana_49890_S1Hand.tif,/home/s299259068/Área de Trabalho/Projetos/2026/artigo_llm/data/images/vv/Ghana_49890.png,/home/s299259068/Área de Trabalho/Projetos/2026/artigo_llm/data/images/vh/Ghana_49890.png,/home/s299259068/Área de Trabalho/Projetos/2026/artigo_llm/data/images/pseudo_rgb/Ghana_49890.png,train
Ghana_53713,Ghana,NON_WATER,0,0.0,/home/s299259068/Área de Trabalho/Projetos/2026/artigo_llm/sen1floods11/HandLabeled/S1Hand/Ghana_53713_S1Hand.tif,/home/s299259068/Área de Trabalho/Projetos/2026/artigo_llm/data/images/vv/Ghana_53713.png,/home/s299259068/Área de Trabalho/Projetos/2026/artigo_llm/data/images/vh/Ghana_53713.png,/home/s299259068/Área de Trabalho/Projetos/2026/artigo_llm/data/images/pseudo_rgb/Ghana_53713.png,train
Ghana_61925,Ghana,NON_WATER,0,0.2483367919921875,/home/s299259068/Área de Trabalho/Projetos/2026/artigo_llm/sen1floods11/HandLabeled/S1Hand/Ghana_61925_S1Hand.tif,/home/s299259068/Área de Trabalho/Projetos/2026/artigo_llm/data/images/vv/Ghana_61925.png,/home/s299259068/Área de Trabalho/Projetos/2026/artigo_llm/data/images/vh/Ghana_61925.png,/home/s299259068/Área de Trabalho/Projetos/2026/artigo_llm/data/images/pseudo_rgb/Ghana_61925.png,train
Ghana_7496,Ghana,NON_WATER,0,0.0,/home/s299259068/Área de Trabalho/Projetos/2026/artigo_llm/sen1floods11/HandLabeled/S1Hand/Ghana_7496_S1Hand.tif,/home/s299259068/Área de Trabalho/Projetos/2026/artigo_llm/data/images/vv/Ghana_7496.png,/home/s299259068/Área de Trabalho/Projetos/2026/artigo_llm/data/images/vh/Ghana_7496.png,/home/s299259068/Área de Trabalho/Projetos/2026/artigo_llm/data/images/pseudo_rgb/Ghana_7496.png,train
Ghana_8090,Ghana,NON_WATER,0,0.0020548015575395807,/home/s299259068/Área de Trabalho/Projetos/2026/artigo_llm/sen1floods11/HandLabeled/S1Hand/Ghana_8090_S1Hand.tif,/home/s299259068/Área de Trabalho/Projetos/2026/artigo_llm/data/images/vv/Ghana_8090.png,/home/s299259068/Área de Trabalho/Projetos/2026/artigo_llm/data/images/vh/Ghana_8090.png,/home/s299259068/Área de Trabalho/Projetos/2026/artigo_llm/data/images/pseudo_rgb/Ghana_8090.png,train
Ghana_83200,Ghana,NON_WATER,0,0.542686962276638,/home/s299259068/Área de Trabalho/Projetos/2026/artigo_llm/sen1floods11/HandLabeled/S1Hand/Ghana_83200_S1Hand.tif,/home/s299259068/Área de Trabalho/Projetos/2026/artigo_llm/data/images/vv/Ghana_83200.png,/home/s299259068/Área de Trabalho/Projetos/2026/artigo_llm/data/images/vh/Ghana_83200.png,/home/s299259068/Área de Trabalho/Projetos/2026/artigo_llm/data/images/pseudo_rgb/Ghana_83200.png,train
Ghana_866994,Ghana,WATER,1,90.1796427568483,/home/s299259068/Área de Trabalho/Projetos/2026/artigo_llm/sen1floods11/HandLabeled/S1Hand/Ghana_866994_S1Hand.tif,/home/s299259068/Área de Trabalho/Projetos/2026/artigo_llm/data/images/vv/Ghana_866994.png,/home/s299259068/Área de Trabalho/Projetos/2026/artigo_llm/data/images/vh/Ghana_866994.png,/home/s299259068/Área de Trabalho/Projetos/2026/artigo_llm/data/images/pseudo_rgb/Ghana_866994.png,train
Ghana_868803,Ghana,WATER,1,54.95109558105469,/home/s299259068/Área de Trabalho/Projetos/2026/artigo_llm/sen1floods11/HandLabeled/S1Hand/Ghana_868803_S1Hand.tif,/home/s299259068/Área de Trabalho/Projetos/2026/artigo_llm/data/images/vv/Ghana_868803.png,/home/s299259068/Área de Trabalho/Projetos/2026/artigo_llm/data/images/vh/Ghana_868803.png,/home/s299259068/Área de Trabalho/Projetos/2026/artigo_llm/data/images/pseudo_rgb/Ghana_868803.png,train
Ghana_97059,Ghana,NON_WATER,0,0.0,/home/s299259068/Área de Trabalho/Projetos/2026/artigo_llm/sen1floods11/HandLabeled/S1Hand/Ghana_97059_S1Hand.tif,/home/s299259068/Área de Trabalho/Projetos/2026/artigo_llm/data/images/vv/Ghana_97059.png,/home/s299259068/Área de Trabalho/Projetos/2026/artigo_llm/data/images/vh/Ghana_97059.png,/home/s299259068/Área de Trabalho/Projetos/2026/artigo_llm/data/images/pseudo_rgb/Ghana_97059.png,train
Ghana_97516,Ghana,NON_WATER,0,0.4110794167044333,/home/s299259068/Área de Trabalho/Projetos/2026/artigo_llm/sen1floods11/HandLabeled/S1Hand/Ghana_97516_S1Hand.tif,/home/s299259068/Área de Trabalho/Projetos/2026/artigo_llm/data/images/vv/Ghana_97516.png,/home/s299259068/Área de Trabalho/Projetos/2026/artigo_llm/data/images/vh/Ghana_97516.png,/home/s299259068/Área de Trabalho/Projetos/2026/artigo_llm/data/images/pseudo_rgb/Ghana_97516.png,train
India_1017769,India,WATER,1,56.73956906070959,/home/s299259068/Área de Trabalho/Projetos/2026/artigo_llm/sen1floods11/HandLabeled/S1Hand/India_1017769_S1Hand.tif,/home/s299259068/Área de Trabalho/Projetos/2026/artigo_llm/data/images/vv/India_1017769.png,/home/s299259068/Área de Trabalho/Projetos/2026/artigo_llm/data/images/vh/India_1017769.png,/home/s299259068/Área de Trabalho/Projetos/2026/artigo_llm/data/images/pseudo_rgb/India_1017769.png,train
India_1018317,India,WATER,1,76.51147088238729,/home/s299259068/Área de Trabalho/Projetos/2026/artigo_llm/sen1floods11/HandLabeled/S1Hand/India_1018317_S1Hand.tif,/home/s299259068/Área de Trabalho/Projetos/2026/artigo_llm/data/images/vv/India_1018317.png,/home/s299259068/Área de Trabalho/Projetos/2026/artigo_llm/data/images/vh/India_1018317.png,/home/s299259068/Área de Trabalho/Projetos/2026/artigo_llm/data/images/pseudo_rgb/India_1018317.png,train
India_1018327,India,WATER,1,13.98059067223108,/home/s299259068/Área de Trabalho/Projetos/2026/artigo_llm/sen1floods11/HandLabeled/S1Hand/India_1018327_S1Hand.tif,/home/s299259068/Área de Trabalho/Projetos/2026/artigo_llm/data/images/vv/India_1018327.png,/home/s299259068/Área de Trabalho/Projetos/2026/artigo_llm/data/images/vh/India_1018327.png,/home/s299259068/Área de Trabalho/Projetos/2026/artigo_llm/data/images/pseudo_rgb/India_1018327.png,train
India_103447,India,WATER,1,16.492935616597478,/home/s299259068/Área de Trabalho/Projetos/2026/artigo_llm/sen1floods11/HandLabeled/S1Hand/India_103447_S1Hand.tif,/home/s299259068/Área de Trabalho/Projetos/2026/artigo_llm/data/images/vv/India_103447.png,/home/s299259068/Área de Trabalho/Projetos/2026/artigo_llm/data/images/vh/India_103447.png,/home/s299259068/Área de Trabalho/Projetos/2026/artigo_llm/data/images/pseudo_rgb/India_103447.png,train
India_1050276,India,WATER,1,19.203714951897645,/home/s299259068/Área de Trabalho/Projetos/2026/artigo_llm/sen1floods11/HandLabeled/S1Hand/India_1050276_S1Hand.tif,/home/s299259068/Área de Trabalho/Projetos/2026/artigo_llm/data/images/vv/India_1050276.png,/home/s299259068/Área de Trabalho/Projetos/2026/artigo_llm/data/images/vh/India_1050276.png,/home/s299259068/Área de Trabalho/Projetos/2026/artigo_llm/data/images/pseudo_rgb/India_1050276.png,train
India_1068117,India,WATER,1,20.878317197186043,/home/s299259068/Área de Trabalho/Projetos/2026/artigo_llm/sen1floods11/HandLabeled/S1Hand/India_1068117_S1Hand.tif,/home/s299259068/Área de Trabalho/Projetos/2026/artigo_llm/data/images/vv/India_1068117.png,/home/s299259068/Área de Trabalho/Projetos/2026/artigo_llm/data/images/vh/India_1068117.png,/home/s299259068/Área de Trabalho/Projetos/2026/artigo_llm/data/images/pseudo_rgb/India_1068117.png,train
India_136196,India,NON_WATER,0,0.0,/home/s299259068/Área de Trabalho/Projetos/2026/artigo_llm/sen1floods11/HandLabeled/S1Hand/India_136196_S1Hand.tif,/home/s299259068/Área de Trabalho/Projetos/2026/artigo_llm/data/images/vv/India_136196.png,/home/s299259068/Área de Trabalho/Projetos/2026/artigo_llm/data/images/vh/India_136196.png,/home/s299259068/Área de Trabalho/Projetos/2026/artigo_llm/data/images/pseudo_rgb/India_136196.png,train
India_164336,India,NON_WATER,0,0.725971725311751,/home/s299259068/Área de Trabalho/Projetos/2026/artigo_llm/sen1floods11/HandLabeled/S1Hand/India_164336_S1Hand.tif,/home/s299259068/Área de Trabalho/Projetos/2026/artigo_llm/data/images/vv/India_164336.png,/home/s299259068/Área de Trabalho/Projetos/2026/artigo_llm/data/images/vh/India_164336.png,/home/s299259068/Área de Trabalho/Projetos/2026/artigo_llm/data/images/pseudo_rgb/India_164336.png,train
India_177319,India,NON_WATER,0,0.6200796967635339,/home/s299259068/Área de Trabalho/Projetos/2026/artigo_llm/sen1floods11/HandLabeled/S1Hand/India_177319_S1Hand.tif,/home/s299259068/Área de Trabalho/Projetos/2026/artigo_llm/data/images/vv/India_177319.png,/home/s299259068/Área de Trabalho/Projetos/2026/artigo_llm/data/images/vh/India_177319.png,/home/s299259068/Área de Trabalho/Projetos/2026/artigo_llm/data/images/pseudo_rgb/India_177319.png,train
India_180633,India,WATER,1,46.041141259761176,/home/s299259068/Área de Trabalho/Projetos/2026/artigo_llm/sen1floods11/HandLabeled/S1Hand/India_180633_S1Hand.tif,/home/s299259068/Área de Trabalho/Projetos/2026/artigo_llm/data/images/vv/India_180633.png,/home/s299259068/Área de Trabalho/Projetos/2026/artigo_llm/data/images/vh/India_180633.png,/home/s299259068/Área de Trabalho/Projetos/2026/artigo_llm/data/images/pseudo_rgb/India_180633.png,train
India_207862,India,WATER,1,10.507957924193589,/home/s299259068/Área de Trabalho/Projetos/2026/artigo_llm/sen1floods11/HandLabeled/S1Hand/India_207862_S1Hand.tif,/home/s299259068/Área de Trabalho/Projetos/2026/artigo_llm/data/images/vv/India_207862.png,/home/s299259068/Área de Trabalho/Projetos/2026/artigo_llm/data/images/vh/India_207862.png,/home/s299259068/Área de Trabalho/Projetos/2026/artigo_llm/data/images/pseudo_rgb/India_207862.png,train
India_244057,India,NON_WATER,0,0.003114546802294798,/home/s299259068/Área de Trabalho/Projetos/2026/artigo_llm/sen1floods11/HandLabeled/S1Hand/India_244057_S1Hand.tif,/home/s299259068/Área de Trabalho/Projetos/2026/artigo_llm/data/images/vv/India_244057.png,/home/s299259068/Área de Trabalho/Projetos/2026/artigo_llm/data/images/vh/India_244057.png,/home/s299259068/Área de Trabalho/Projetos/2026/artigo_llm/data/images/pseudo_rgb/India_244057.png,train
India_285297,India,WATER,1,14.693807592167873,/home/s299259068/Área de Trabalho/Projetos/2026/artigo_llm/sen1floods11/HandLabeled/S1Hand/India_285297_S1Hand.tif,/home/s299259068/Área de Trabalho/Projetos/2026/artigo_llm/data/images/vv/India_285297.png,/home/s299259068/Área de Trabalho/Projetos/2026/artigo_llm/data/images/vh/India_285297.png,/home/s299259068/Área de Trabalho/Projetos/2026/artigo_llm/data/images/pseudo_rgb/India_285297.png,train
India_287642,India,WATER,1,15.526491415100063,/home/s299259068/Área de Trabalho/Projetos/2026/artigo_llm/sen1floods11/HandLabeled/S1Hand/India_287642_S1Hand.tif,/home/s299259068/Área de Trabalho/Projetos/2026/artigo_llm/data/images/vv/India_287642.png,/home/s299259068/Área de Trabalho/Projetos/2026/artigo_llm/data/images/vh/India_287642.png,/home/s299259068/Área de Trabalho/Projetos/2026/artigo_llm/data/images/pseudo_rgb/India_287642.png,train
India_373039,India,NON_WATER,0,0.6215426945049695,/home/s299259068/Área de Trabalho/Projetos/2026/artigo_llm/sen1floods11/HandLabeled/S1Hand/India_373039_S1Hand.tif,/home/s299259068/Área de Trabalho/Projetos/2026/artigo_llm/data/images/vv/India_373039.png,/home/s299259068/Área de Trabalho/Projetos/2026/artigo_llm/data/images/vh/India_373039.png,/home/s299259068/Área de Trabalho/Projetos/2026/artigo_llm/data/images/pseudo_rgb/India_373039.png,train
India_383430,India,WATER,1,15.611829459030291,/home/s299259068/Área de Trabalho/Projetos/2026/artigo_llm/sen1floods11/HandLabeled/S1Hand/India_383430_S1Hand.tif,/home/s299259068/Área de Trabalho/Projetos/2026/artigo_llm/data/images/vv/India_383430.png,/home/s299259068/Área de Trabalho/Projetos/2026/artigo_llm/data/images/vh/India_383430.png,/home/s299259068/Área de Trabalho/Projetos/2026/artigo_llm/data/images/pseudo_rgb/India_383430.png,train
India_391908,India,WATER,1,12.268684617999169,/home/s299259068/Área de Trabalho/Projetos/2026/artigo_llm/sen1floods11/HandLabeled/S1Hand/India_391908_S1Hand.tif,/home/s299259068/Área de Trabalho/Projetos/2026/artigo_llm/data/images/vv/India_391908.png,/home/s299259068/Área de Trabalho/Projetos/2026/artigo_llm/data/images/vh/India_391908.png,/home/s299259068/Área de Trabalho/Projetos/2026/artigo_llm/data/images/pseudo_rgb/India_391908.png,train
India_399883,India,WATER,1,51.99623071963497,/home/s299259068/Área de Trabalho/Projetos/2026/artigo_llm/sen1floods11/HandLabeled/S1Hand/India_399883_S1Hand.tif,/home/s299259068/Área de Trabalho/Projetos/2026/artigo_llm/data/images/vv/India_399883.png,/home/s299259068/Área de Trabalho/Projetos/2026/artigo_llm/data/images/vh/India_399883.png,/home/s299259068/Área de Trabalho/Projetos/2026/artigo_llm/data/images/pseudo_rgb/India_399883.png,train
India_44475,India,NON_WATER,0,0.0,/home/s299259068/Área de Trabalho/Projetos/2026/artigo_llm/sen1floods11/HandLabeled/S1Hand/India_44475_S1Hand.tif,/home/s299259068/Área de Trabalho/Projetos/2026/artigo_llm/data/images/vv/India_44475.png,/home/s299259068/Área de Trabalho/Projetos/2026/artigo_llm/data/images/vh/India_44475.png,/home/s299259068/Área de Trabalho/Projetos/2026/artigo_llm/data/images/pseudo_rgb/India_44475.png,train
India_500266,India,WATER,1,14.565062313792959,/home/s299259068/Área de Trabalho/Projetos/2026/artigo_llm/sen1floods11/HandLabeled/S1Hand/India_500266_S1Hand.tif,/home/s299259068/Área de Trabalho/Projetos/2026/artigo_llm/data/images/vv/India_500266.png,/home/s299259068/Área de Trabalho/Projetos/2026/artigo_llm/data/images/vh/India_500266.png,/home/s299259068/Área de Trabalho/Projetos/2026/artigo_llm/data/images/pseudo_rgb/India_500266.png,train
India_533192,India,WATER,1,36.279083522479425,/home/s299259068/Área de Trabalho/Projetos/2026/artigo_llm/sen1floods11/HandLabeled/S1Hand/India_533192_S1Hand.tif,/home/s299259068/Área de Trabalho/Projetos/2026/artigo_llm/data/images/vv/India_533192.png,/home/s299259068/Área de Trabalho/Projetos/2026/artigo_llm/data/images/vh/India_533192.png,/home/s299259068/Área de Trabalho/Projetos/2026/artigo_llm/data/images/pseudo_rgb/India_533192.png,train
India_56450,India,NON_WATER,0,0.04524187853107345,/home/s299259068/Área de Trabalho/Projetos/2026/artigo_llm/sen1floods11/HandLabeled/S1Hand/India_56450_S1Hand.tif,/home/s299259068/Área de Trabalho/Projetos/2026/artigo_llm/data/images/vv/India_56450.png,/home/s299259068/Área de Trabalho/Projetos/2026/artigo_llm/data/images/vh/India_56450.png,/home/s299259068/Área de Trabalho/Projetos/2026/artigo_llm/data/images/pseudo_rgb/India_56450.png,train
India_591317,India,WATER,1,46.34808513751326,/home/s299259068/Área de Trabalho/Projetos/2026/artigo_llm/sen1floods11/HandLabeled/S1Hand/India_591317_S1Hand.tif,/home/s299259068/Área de Trabalho/Projetos/2026/artigo_llm/data/images/vv/India_591317.png,/home/s299259068/Área de Trabalho/Projetos/2026/artigo_llm/data/images/vh/India_591317.png,/home/s299259068/Área de Trabalho/Projetos/2026/artigo_llm/data/images/pseudo_rgb/India_591317.png,train
India_59460,India,NON_WATER,0,0.15046357109761982,/home/s299259068/Área de Trabalho/Projetos/2026/artigo_llm/sen1floods11/HandLabeled/S1Hand/India_59460_S1Hand.tif,/home/s299259068/Área de Trabalho/Projetos/2026/artigo_llm/data/images/vv/India_59460.png,/home/s299259068/Área de Trabalho/Projetos/2026/artigo_llm/data/images/vh/India_59460.png,/home/s299259068/Área de Trabalho/Projetos/2026/artigo_llm/data/images/pseudo_rgb/India_59460.png,train
India_631692,India,NON_WATER,0,0.305938720703125,/home/s299259068/Área de Trabalho/Projetos/2026/artigo_llm/sen1floods11/HandLabeled/S1Hand/India_631692_S1Hand.tif,/home/s299259068/Área de Trabalho/Projetos/2026/artigo_llm/data/images/vv/India_631692.png,/home/s299259068/Área de Trabalho/Projetos/2026/artigo_llm/data/images/vh/India_631692.png,/home/s299259068/Área de Trabalho/Projetos/2026/artigo_llm/data/images/pseudo_rgb/India_631692.png,train
India_747992,India,WATER,1,44.764524757046324,/home/s299259068/Área de Trabalho/Projetos/2026/artigo_llm/sen1floods11/HandLabeled/S1Hand/India_747992_S1Hand.tif,/home/s299259068/Área de Trabalho/Projetos/2026/artigo_llm/data/images/vv/India_747992.png,/home/s299259068/Área de Trabalho/Projetos/2026/artigo_llm/data/images/vh/India_747992.png,/home/s299259068/Área de Trabalho/Projetos/2026/artigo_llm/data/images/pseudo_rgb/India_747992.png,train
India_772630,India,NON_WATER,0,0.8658872608348569,/home/s299259068/Área de Trabalho/Projetos/2026/artigo_llm/sen1floods11/HandLabeled/S1Hand/India_772630_S1Hand.tif,/home/s299259068/Área de Trabalho/Projetos/2026/artigo_llm/data/images/vv/India_772630.png,/home/s299259068/Área de Trabalho/Projetos/2026/artigo_llm/data/images/vh/India_772630.png,/home/s299259068/Área de Trabalho/Projetos/2026/artigo_llm/data/images/pseudo_rgb/India_772630.png,train
India_773682,India,WATER,1,12.246778985177595,/home/s299259068/Área de Trabalho/Projetos/2026/artigo_llm/sen1floods11/HandLabeled/S1Hand/India_773682_S1Hand.tif,/home/s299259068/Área de Trabalho/Projetos/2026/artigo_llm/data/images/vv/India_773682.png,/home/s299259068/Área de Trabalho/Projetos/2026/artigo_llm/data/images/vh/India_773682.png,/home/s299259068/Área de Trabalho/Projetos/2026/artigo_llm/data/images/pseudo_rgb/India_773682.png,train
India_80221,India,WATER,1,75.43562614876839,/home/s299259068/Área de Trabalho/Projetos/2026/artigo_llm/sen1floods11/HandLabeled/S1Hand/India_80221_S1Hand.tif,/home/s299259068/Área de Trabalho/Projetos/2026/artigo_llm/data/images/vv/India_80221.png,/home/s299259068/Área de Trabalho/Projetos/2026/artigo_llm/data/images/vh/India_80221.png,/home/s299259068/Área de Trabalho/Projetos/2026/artigo_llm/data/images/pseudo_rgb/India_80221.png,train
India_804466,India,WATER,1,19.161192367262544,/home/s299259068/Área de Trabalho/Projetos/2026/artigo_llm/sen1floods11/HandLabeled/S1Hand/India_804466_S1Hand.tif,/home/s299259068/Área de Trabalho/Projetos/2026/artigo_llm/data/images/vv/India_804466.png,/home/s299259068/Área de Trabalho/Projetos/2026/artigo_llm/data/images/vh/India_804466.png,/home/s299259068/Área de Trabalho/Projetos/2026/artigo_llm/data/images/pseudo_rgb/India_804466.png,train
India_900498,India,WATER,1,47.311749977098536,/home/s299259068/Área de Trabalho/Projetos/2026/artigo_llm/sen1floods11/HandLabeled/S1Hand/India_900498_S1Hand.tif,/home/s299259068/Área de Trabalho/Projetos/2026/artigo_llm/data/images/vv/India_900498.png,/home/s299259068/Área de Trabalho/Projetos/2026/artigo_llm/data/images/vh/India_900498.png,/home/s299259068/Área de Trabalho/Projetos/2026/artigo_llm/data/images/pseudo_rgb/India_900498.png,train
India_91379,India,WATER,1,11.289688822086498,/home/s299259068/Área de Trabalho/Projetos/2026/artigo_llm/sen1floods11/HandLabeled/S1Hand/India_91379_S1Hand.tif,/home/s299259068/Área de Trabalho/Projetos/2026/artigo_llm/data/images/vv/India_91379.png,/home/s299259068/Área de Trabalho/Projetos/2026/artigo_llm/data/images/vh/India_91379.png,/home/s299259068/Área de Trabalho/Projetos/2026/artigo_llm/data/images/pseudo_rgb/India_91379.png,train
India_943439,India,WATER,1,19.036290064615187,/home/s299259068/Área de Trabalho/Projetos/2026/artigo_llm/sen1floods11/HandLabeled/S1Hand/India_943439_S1Hand.tif,/home/s299259068/Área de Trabalho/Projetos/2026/artigo_llm/data/images/vv/India_943439.png,/home/s299259068/Área de Trabalho/Projetos/2026/artigo_llm/data/images/vh/India_943439.png,/home/s299259068/Área de Trabalho/Projetos/2026/artigo_llm/data/images/pseudo_rgb/India_943439.png,train
India_956930,India,WATER,1,16.908868553114324,/home/s299259068/Área de Trabalho/Projetos/2026/artigo_llm/sen1floods11/HandLabeled/S1Hand/India_956930_S1Hand.tif,/home/s299259068/Área de Trabalho/Projetos/2026/artigo_llm/data/images/vv/India_956930.png,/home/s299259068/Área de Trabalho/Projetos/2026/artigo_llm/data/images/vh/India_956930.png,/home/s299259068/Área de Trabalho/Projetos/2026/artigo_llm/data/images/pseudo_rgb/India_956930.png,train
Mekong_1248200,Mekong,WATER,1,78.38981102579429,/home/s299259068/Área de Trabalho/Projetos/2026/artigo_llm/sen1floods11/HandLabeled/S1Hand/Mekong_1248200_S1Hand.tif,/home/s299259068/Área de Trabalho/Projetos/2026/artigo_llm/data/images/vv/Mekong_1248200.png,/home/s299259068/Área de Trabalho/Projetos/2026/artigo_llm/data/images/vh/Mekong_1248200.png,/home/s299259068/Área de Trabalho/Projetos/2026/artigo_llm/data/images/pseudo_rgb/Mekong_1248200.png,train
Mekong_1282475,Mekong,WATER,1,10.128402709960938,/home/s299259068/Área de Trabalho/Projetos/2026/artigo_llm/sen1floods11/HandLabeled/S1Hand/Mekong_1282475_S1Hand.tif,/home/s299259068/Área de Trabalho/Projetos/2026/artigo_llm/data/images/vv/Mekong_1282475.png,/home/s299259068/Área de Trabalho/Projetos/2026/artigo_llm/data/images/vh/Mekong_1282475.png,/home/s299259068/Área de Trabalho/Projetos/2026/artigo_llm/data/images/pseudo_rgb/Mekong_1282475.png,train
Mekong_1396181,Mekong,WATER,1,59.65844105619142,/home/s299259068/Área de Trabalho/Projetos/2026/artigo_llm/sen1floods11/HandLabeled/S1Hand/Mekong_1396181_S1Hand.tif,/home/s299259068/Área de Trabalho/Projetos/2026/artigo_llm/data/images/vv/Mekong_1396181.png,/home/s299259068/Área de Trabalho/Projetos/2026/artigo_llm/data/images/vh/Mekong_1396181.png,/home/s299259068/Área de Trabalho/Projetos/2026/artigo_llm/data/images/pseudo_rgb/Mekong_1396181.png,train
Mekong_1413877,Mekong,NON_WATER,0,0.9775536253541297,/home/s299259068/Área de Trabalho/Projetos/2026/artigo_llm/sen1floods11/HandLabeled/S1Hand/Mekong_1413877_S1Hand.tif,/home/s299259068/Área de Trabalho/Projetos/2026/artigo_llm/data/images/vv/Mekong_1413877.png,/home/s299259068/Área de Trabalho/Projetos/2026/artigo_llm/data/images/vh/Mekong_1413877.png,/home/s299259068/Área de Trabalho/Projetos/2026/artigo_llm/data/images/pseudo_rgb/Mekong_1413877.png,train
Mekong_1439641,Mekong,WATER,1,75.47303716761485,/home/s299259068/Área de Trabalho/Projetos/2026/artigo_llm/sen1floods11/HandLabeled/S1Hand/Mekong_1439641_S1Hand.tif,/home/s299259068/Área de Trabalho/Projetos/2026/artigo_llm/data/images/vv/Mekong_1439641.png,/home/s299259068/Área de Trabalho/Projetos/2026/artigo_llm/data/images/vh/Mekong_1439641.png,/home/s299259068/Área de Trabalho/Projetos/2026/artigo_llm/data/images/pseudo_rgb/Mekong_1439641.png,train
Mekong_1443339,Mekong,WATER,1,73.54340320827055,/home/s299259068/Área de Trabalho/Projetos/2026/artigo_llm/sen1floods11/HandLabeled/S1Hand/Mekong_1443339_S1Hand.tif,/home/s299259068/Área de Trabalho/Projetos/2026/artigo_llm/data/images/vv/Mekong_1443339.png,/home/s299259068/Área de Trabalho/Projetos/2026/artigo_llm/data/images/vh/Mekong_1443339.png,/home/s299259068/Área de Trabalho/Projetos/2026/artigo_llm/data/images/pseudo_rgb/Mekong_1443339.png,train
Mekong_16233,Mekong,WATER,1,23.732699555948912,/home/s299259068/Área de Trabalho/Projetos/2026/artigo_llm/sen1floods11/HandLabeled/S1Hand/Mekong_16233_S1Hand.tif,/home/s299259068/Área de Trabalho/Projetos/2026/artigo_llm/data/images/vv/Mekong_16233.png,/home/s299259068/Área de Trabalho/Projetos/2026/artigo_llm/data/images/vh/Mekong_16233.png,/home/s299259068/Área de Trabalho/Projetos/2026/artigo_llm/data/images/pseudo_rgb/Mekong_16233.png,train
Mekong_213094,Mekong,NON_WATER,0,0.04813863928112966,/home/s299259068/Área de Trabalho/Projetos/2026/artigo_llm/sen1floods11/HandLabeled/S1Hand/Mekong_213094_S1Hand.tif,/home/s299259068/Área de Trabalho/Projetos/2026/artigo_llm/data/images/vv/Mekong_213094.png,/home/s299259068/Área de Trabalho/Projetos/2026/artigo_llm/data/images/vh/Mekong_213094.png,/home/s299259068/Área de Trabalho/Projetos/2026/artigo_llm/data/images/pseudo_rgb/Mekong_213094.png,train
Mekong_221789,Mekong,NON_WATER,0,0.0,/home/s299259068/Área de Trabalho/Projetos/2026/artigo_llm/sen1floods11/HandLabeled/S1Hand/Mekong_221789_S1Hand.tif,/home/s299259068/Área de Trabalho/Projetos/2026/artigo_llm/data/images/vv/Mekong_221789.png,/home/s299259068/Área de Trabalho/Projetos/2026/artigo_llm/data/images/vh/Mekong_221789.png,/home/s299259068/Área de Trabalho/Projetos/2026/artigo_llm/data/images/pseudo_rgb/Mekong_221789.png,train
Mekong_254910,Mekong,NON_WATER,0,0.06569502907613324,/home/s299259068/Área de Trabalho/Projetos/2026/artigo_llm/sen1floods11/HandLabeled/S1Hand/Mekong_254910_S1Hand.tif,/home/s299259068/Área de Trabalho/Projetos/2026/artigo_llm/data/images/vv/Mekong_254910.png,/home/s299259068/Área de Trabalho/Projetos/2026/artigo_llm/data/images/vh/Mekong_254910.png,/home/s299259068/Área de Trabalho/Projetos/2026/artigo_llm/data/images/pseudo_rgb/Mekong_254910.png,train
Mekong_269835,Mekong,NON_WATER,0,0.22757684841402964,/home/s299259068/Área de Trabalho/Projetos/2026/artigo_llm/sen1floods11/HandLabeled/S1Hand/Mekong_269835_S1Hand.tif,/home/s299259068/Área de Trabalho/Projetos/2026/artigo_llm/data/images/vv/Mekong_269835.png,/home/s299259068/Área de Trabalho/Projetos/2026/artigo_llm/data/images/vh/Mekong_269835.png,/home/s299259068/Área de Trabalho/Projetos/2026/artigo_llm/data/images/pseudo_rgb/Mekong_269835.png,train
Mekong_293769,Mekong,WATER,1,13.276638102657317,/home/s299259068/Área de Trabalho/Projetos/2026/artigo_llm/sen1floods11/HandLabeled/S1Hand/Mekong_293769_S1Hand.tif,/home/s299259068/Área de Trabalho/Projetos/2026/artigo_llm/data/images/vv/Mekong_293769.png,/home/s299259068/Área de Trabalho/Projetos/2026/artigo_llm/data/images/vh/Mekong_293769.png,/home/s299259068/Área de Trabalho/Projetos/2026/artigo_llm/data/images/pseudo_rgb/Mekong_293769.png,train
Mekong_342411,Mekong,WATER,1,11.02994190149576,/home/s299259068/Área de Trabalho/Projetos/2026/artigo_llm/sen1floods11/HandLabeled/S1Hand/Mekong_342411_S1Hand.tif,/home/s299259068/Área de Trabalho/Projetos/2026/artigo_llm/data/images/vv/Mekong_342411.png,/home/s299259068/Área de Trabalho/Projetos/2026/artigo_llm/data/images/vh/Mekong_342411.png,/home/s299259068/Área de Trabalho/Projetos/2026/artigo_llm/data/images/pseudo_rgb/Mekong_342411.png,train
Mekong_45934,Mekong,NON_WATER,0,0.11303793262786462,/home/s299259068/Área de Trabalho/Projetos/2026/artigo_llm/sen1floods11/HandLabeled/S1Hand/Mekong_45934_S1Hand.tif,/home/s299259068/Área de Trabalho/Projetos/2026/artigo_llm/data/images/vv/Mekong_45934.png,/home/s299259068/Área de Trabalho/Projetos/2026/artigo_llm/data/images/vh/Mekong_45934.png,/home/s299259068/Área de Trabalho/Projetos/2026/artigo_llm/data/images/pseudo_rgb/Mekong_45934.png,train
Mekong_52610,Mekong,WATER,1,80.36537170410156,/home/s299259068/Área de Trabalho/Projetos/2026/artigo_llm/sen1floods11/HandLabeled/S1Hand/Mekong_52610_S1Hand.tif,/home/s299259068/Área de Trabalho/Projetos/2026/artigo_llm/data/images/vv/Mekong_52610.png,/home/s299259068/Área de Trabalho/Projetos/2026/artigo_llm/data/images/vh/Mekong_52610.png,/home/s299259068/Área de Trabalho/Projetos/2026/artigo_llm/data/images/pseudo_rgb/Mekong_52610.png,train
Mekong_596495,Mekong,WATER,1,77.19230970350874,/home/s299259068/Área de Trabalho/Projetos/2026/artigo_llm/sen1floods11/HandLabeled/S1Hand/Mekong_596495_S1Hand.tif,/home/s299259068/Área de Trabalho/Projetos/2026/artigo_llm/data/images/vv/Mekong_596495.png,/home/s299259068/Área de Trabalho/Projetos/2026/artigo_llm/data/images/vh/Mekong_596495.png,/home/s299259068/Área de Trabalho/Projetos/2026/artigo_llm/data/images/pseudo_rgb/Mekong_596495.png,train
Mekong_774566,Mekong,WATER,1,33.83114944143891,/home/s299259068/Área de Trabalho/Projetos/2026/artigo_llm/sen1floods11/HandLabeled/S1Hand/Mekong_774566_S1Hand.tif,/home/s299259068/Área de Trabalho/Projetos/2026/artigo_llm/data/images/vv/Mekong_774566.png,/home/s299259068/Área de Trabalho/Projetos/2026/artigo_llm/data/images/vh/Mekong_774566.png,/home/s299259068/Área de Trabalho/Projetos/2026/artigo_llm/data/images/pseudo_rgb/Mekong_774566.png,train
Mekong_922373,Mekong,WATER,1,45.68776751176861,/home/s299259068/Área de Trabalho/Projetos/2026/artigo_llm/sen1floods11/HandLabeled/S1Hand/Mekong_922373_S1Hand.tif,/home/s299259068/Área de Trabalho/Projetos/2026/artigo_llm/data/images/vv/Mekong_922373.png,/home/s299259068/Área de Trabalho/Projetos/2026/artigo_llm/data/images/vh/Mekong_922373.png,/home/s299259068/Área de Trabalho/Projetos/2026/artigo_llm/data/images/pseudo_rgb/Mekong_922373.png,train
Mekong_977338,Mekong,WATER,1,37.05229489483381,/home/s299259068/Área de Trabalho/Projetos/2026/artigo_llm/sen1floods11/HandLabeled/S1Hand/Mekong_977338_S1Hand.tif,/home/s299259068/Área de Trabalho/Projetos/2026/artigo_llm/data/images/vv/Mekong_977338.png,/home/s299259068/Área de Trabalho/Projetos/2026/artigo_llm/data/images/vh/Mekong_977338.png,/home/s299259068/Área de Trabalho/Projetos/2026/artigo_llm/data/images/pseudo_rgb/Mekong_977338.png,train
Mekong_98310,Mekong,WATER,1,46.871221364439656,/home/s299259068/Área de Trabalho/Projetos/2026/artigo_llm/sen1floods11/HandLabeled/S1Hand/Mekong_98310_S1Hand.tif,/home/s299259068/Área de Trabalho/Projetos/2026/artigo_llm/data/images/vv/Mekong_98310.png,/home/s299259068/Área de Trabalho/Projetos/2026/artigo_llm/data/images/vh/Mekong_98310.png,/home/s299259068/Área de Trabalho/Projetos/2026/artigo_llm/data/images/pseudo_rgb/Mekong_98310.png,train
Nigeria_1095404,Nigeria,WATER,1,18.269562356559895,/home/s299259068/Área de Trabalho/Projetos/2026/artigo_llm/sen1floods11/HandLabeled/S1Hand/Nigeria_1095404_S1Hand.tif,/home/s299259068/Área de Trabalho/Projetos/2026/artigo_llm/data/images/vv/Nigeria_1095404.png,/home/s299259068/Área de Trabalho/Projetos/2026/artigo_llm/data/images/vh/Nigeria_1095404.png,/home/s299259068/Área de Trabalho/Projetos/2026/artigo_llm/data/images/pseudo_rgb/Nigeria_1095404.png,train
Nigeria_22088,Nigeria,NON_WATER,0,0.2825112510442586,/home/s299259068/Área de Trabalho/Projetos/2026/artigo_llm/sen1floods11/HandLabeled/S1Hand/Nigeria_22088_S1Hand.tif,/home/s299259068/Área de Trabalho/Projetos/2026/artigo_llm/data/images/vv/Nigeria_22088.png,/home/s299259068/Área de Trabalho/Projetos/2026/artigo_llm/data/images/vh/Nigeria_22088.png,/home/s299259068/Área de Trabalho/Projetos/2026/artigo_llm/data/images/pseudo_rgb/Nigeria_22088.png,train
Nigeria_225131,Nigeria,NON_WATER,0,0.4687985741228161,/home/s299259068/Área de Trabalho/Projetos/2026/artigo_llm/sen1floods11/HandLabeled/S1Hand/Nigeria_225131_S1Hand.tif,/home/s299259068/Área de Trabalho/Projetos/2026/artigo_llm/data/images/vv/Nigeria_225131.png,/home/s299259068/Área de Trabalho/Projetos/2026/artigo_llm/data/images/vh/Nigeria_225131.png,/home/s299259068/Área de Trabalho/Projetos/2026/artigo_llm/data/images/pseudo_rgb/Nigeria_225131.png,train
Nigeria_31096,Nigeria,NON_WATER,0,0.3751948392317702,/home/s299259068/Área de Trabalho/Projetos/2026/artigo_llm/sen1floods11/HandLabeled/S1Hand/Nigeria_31096_S1Hand.tif,/home/s299259068/Área de Trabalho/Projetos/2026/artigo_llm/data/images/vv/Nigeria_31096.png,/home/s299259068/Área de Trabalho/Projetos/2026/artigo_llm/data/images/vh/Nigeria_31096.png,/home/s299259068/Área de Trabalho/Projetos/2026/artigo_llm/data/images/pseudo_rgb/Nigeria_31096.png,train
Nigeria_35845,Nigeria,NON_WATER,0,0.1342458294608575,/home/s299259068/Área de Trabalho/Projetos/2026/artigo_llm/sen1floods11/HandLabeled/S1Hand/Nigeria_35845_S1Hand.tif,/home/s299259068/Área de Trabalho/Projetos/2026/artigo_llm/data/images/vv/Nigeria_35845.png,/home/s299259068/Área de Trabalho/Projetos/2026/artigo_llm/data/images/vh/Nigeria_35845.png,/home/s299259068/Área de Trabalho/Projetos/2026/artigo_llm/data/images/pseudo_rgb/Nigeria_35845.png,train
Nigeria_439488,Nigeria,NON_WATER,0,0.6404886561954625,/home/s299259068/Área de Trabalho/Projetos/2026/artigo_llm/sen1floods11/HandLabeled/S1Hand/Nigeria_439488_S1Hand.tif,/home/s299259068/Área de Trabalho/Projetos/2026/artigo_llm/data/images/vv/Nigeria_439488.png,/home/s299259068/Área de Trabalho/Projetos/2026/artigo_llm/data/images/vh/Nigeria_439488.png,/home/s299259068/Área de Trabalho/Projetos/2026/artigo_llm/data/images/pseudo_rgb/Nigeria_439488.png,train
Nigeria_529525,Nigeria,WATER,1,85.31608581542969,/home/s299259068/Área de Trabalho/Projetos/2026/artigo_llm/sen1floods11/HandLabeled/S1Hand/Nigeria_529525_S1Hand.tif,/home/s299259068/Área de Trabalho/Projetos/2026/artigo_llm/data/images/vv/Nigeria_529525.png,/home/s299259068/Área de Trabalho/Projetos/2026/artigo_llm/data/images/vh/Nigeria_529525.png,/home/s299259068/Área de Trabalho/Projetos/2026/artigo_llm/data/images/pseudo_rgb/Nigeria_529525.png,train
Nigeria_598959,Nigeria,WATER,1,22.02946858073558,/home/s299259068/Área de Trabalho/Projetos/2026/artigo_llm/sen1floods11/HandLabeled/S1Hand/Nigeria_598959_S1Hand.tif,/home/s299259068/Área de Trabalho/Projetos/2026/artigo_llm/data/images/vv/Nigeria_598959.png,/home/s299259068/Área de Trabalho/Projetos/2026/artigo_llm/data/images/vh/Nigeria_598959.png,/home/s299259068/Área de Trabalho/Projetos/2026/artigo_llm/data/images/pseudo_rgb/Nigeria_598959.png,train
Nigeria_600295,Nigeria,WATER,1,46.045759008426394,/home/s299259068/Área de Trabalho/Projetos/2026/artigo_llm/sen1floods11/HandLabeled/S1Hand/Nigeria_600295_S1Hand.tif,/home/s299259068/Área de Trabalho/Projetos/2026/artigo_llm/data/images/vv/Nigeria_600295.png,/home/s299259068/Área de Trabalho/Projetos/2026/artigo_llm/data/images/vh/Nigeria_600295.png,/home/s299259068/Área de Trabalho/Projetos/2026/artigo_llm/data/images/pseudo_rgb/Nigeria_600295.png,train
Nigeria_812045,Nigeria,WATER,1,50.65406057334671,/home/s299259068/Área de Trabalho/Projetos/2026/artigo_llm/sen1floods11/HandLabeled/S1Hand/Nigeria_812045_S1Hand.tif,/home/s299259068/Área de Trabalho/Projetos/2026/artigo_llm/data/images/vv/Nigeria_812045.png,/home/s299259068/Área de Trabalho/Projetos/2026/artigo_llm/data/images/vh/Nigeria_812045.png,/home/s299259068/Área de Trabalho/Projetos/2026/artigo_llm/data/images/pseudo_rgb/Nigeria_812045.png,train
Nigeria_81933,Nigeria,WATER,1,72.25867753829162,/home/s299259068/Área de Trabalho/Projetos/2026/artigo_llm/sen1floods11/HandLabeled/S1Hand/Nigeria_81933_S1Hand.tif,/home/s299259068/Área de Trabalho/Projetos/2026/artigo_llm/data/images/vv/Nigeria_81933.png,/home/s299259068/Área de Trabalho/Projetos/2026/artigo_llm/data/images/vh/Nigeria_81933.png,/home/s299259068/Área de Trabalho/Projetos/2026/artigo_llm/data/images/pseudo_rgb/Nigeria_81933.png,train
Nigeria_820924,Nigeria,NON_WATER,0,0.44861010974925897,/home/s299259068/Área de Trabalho/Projetos/2026/artigo_llm/sen1floods11/HandLabeled/S1Hand/Nigeria_820924_S1Hand.tif,/home/s299259068/Área de Trabalho/Projetos/2026/artigo_llm/data/images/vv/Nigeria_820924.png,/home/s299259068/Área de Trabalho/Projetos/2026/artigo_llm/data/images/vh/Nigeria_820924.png,/home/s299259068/Área de Trabalho/Projetos/2026/artigo_llm/data/images/pseudo_rgb/Nigeria_820924.png,train
Nigeria_984831,Nigeria,WATER,1,92.30589861674397,/home/s299259068/Área de Trabalho/Projetos/2026/artigo_llm/sen1floods11/HandLabeled/S1Hand/Nigeria_984831_S1Hand.tif,/home/s299259068/Área de Trabalho/Projetos/2026/artigo_llm/data/images/vv/Nigeria_984831.png,/home/s299259068/Área de Trabalho/Projetos/2026/artigo_llm/data/images/vh/Nigeria_984831.png,/home/s299259068/Área de Trabalho/Projetos/2026/artigo_llm/data/images/pseudo_rgb/Nigeria_984831.png,train
Paraguay_1029042,Paraguay,WATER,1,27.442108661728042,/home/s299259068/Área de Trabalho/Projetos/2026/artigo_llm/sen1floods11/HandLabeled/S1Hand/Paraguay_1029042_S1Hand.tif,/home/s299259068/Área de Trabalho/Projetos/2026/artigo_llm/data/images/vv/Paraguay_1029042.png,/home/s299259068/Área de Trabalho/Projetos/2026/artigo_llm/data/images/vh/Paraguay_1029042.png,/home/s299259068/Área de Trabalho/Projetos/2026/artigo_llm/data/images/pseudo_rgb/Paraguay_1029042.png,train
Paraguay_1029191,Paraguay,WATER,1,19.822239374333,/home/s299259068/Área de Trabalho/Projetos/2026/artigo_llm/sen1floods11/HandLabeled/S1Hand/Paraguay_1029191_S1Hand.tif,/home/s299259068/Área de Trabalho/Projetos/2026/artigo_llm/data/images/vv/Paraguay_1029191.png,/home/s299259068/Área de Trabalho/Projetos/2026/artigo_llm/data/images/vh/Paraguay_1029191.png,/home/s299259068/Área de Trabalho/Projetos/2026/artigo_llm/data/images/pseudo_rgb/Paraguay_1029191.png,train
Paraguay_11869,Paraguay,NON_WATER,0,0.08606886284422699,/home/s299259068/Área de Trabalho/Projetos/2026/artigo_llm/sen1floods11/HandLabeled/S1Hand/Paraguay_11869_S1Hand.tif,/home/s299259068/Área de Trabalho/Projetos/2026/artigo_llm/data/images/vv/Paraguay_11869.png,/home/s299259068/Área de Trabalho/Projetos/2026/artigo_llm/data/images/vh/Paraguay_11869.png,/home/s299259068/Área de Trabalho/Projetos/2026/artigo_llm/data/images/pseudo_rgb/Paraguay_11869.png,train
Paraguay_126224,Paraguay,WATER,1,55.077362060546875,/home/s299259068/Área de Trabalho/Projetos/2026/artigo_llm/sen1floods11/HandLabeled/S1Hand/Paraguay_126224_S1Hand.tif,/home/s299259068/Área de Trabalho/Projetos/2026/artigo_llm/data/images/vv/Paraguay_126224.png,/home/s299259068/Área de Trabalho/Projetos/2026/artigo_llm/data/images/vh/Paraguay_126224.png,/home/s299259068/Área de Trabalho/Projetos/2026/artigo_llm/data/images/pseudo_rgb/Paraguay_126224.png,train
Paraguay_12870,Paraguay,NON_WATER,0,0.0,/home/s299259068/Área de Trabalho/Projetos/2026/artigo_llm/sen1floods11/HandLabeled/S1Hand/Paraguay_12870_S1Hand.tif,/home/s299259068/Área de Trabalho/Projetos/2026/artigo_llm/data/images/vv/Paraguay_12870.png,/home/s299259068/Área de Trabalho/Projetos/2026/artigo_llm/data/images/vh/Paraguay_12870.png,/home/s299259068/Área de Trabalho/Projetos/2026/artigo_llm/data/images/pseudo_rgb/Paraguay_12870.png,train
Paraguay_148318,Paraguay,NON_WATER,0,0.9284559889368367,/home/s299259068/Área de Trabalho/Projetos/2026/artigo_llm/sen1floods11/HandLabeled/S1Hand/Paraguay_148318_S1Hand.tif,/home/s299259068/Área de Trabalho/Projetos/2026/artigo_llm/data/images/vv/Paraguay_148318.png,/home/s299259068/Área de Trabalho/Projetos/2026/artigo_llm/data/images/vh/Paraguay_148318.png,/home/s299259068/Área de Trabalho/Projetos/2026/artigo_llm/data/images/pseudo_rgb/Paraguay_148318.png,train
Paraguay_149787,Paraguay,WATER,1,15.293502807617188,/home/s299259068/Área de Trabalho/Projetos/2026/artigo_llm/sen1floods11/HandLabeled/S1Hand/Paraguay_149787_S1Hand.tif,/home/s299259068/Área de Trabalho/Projetos/2026/artigo_llm/data/images/vv/Paraguay_149787.png,/home/s299259068/Área de Trabalho/Projetos/2026/artigo_llm/data/images/vh/Paraguay_149787.png,/home/s299259068/Área de Trabalho/Projetos/2026/artigo_llm/data/images/pseudo_rgb/Paraguay_149787.png,train
Paraguay_149830,Paraguay,NON_WATER,0,0.7322223928735985,/home/s299259068/Área de Trabalho/Projetos/2026/artigo_llm/sen1floods11/HandLabeled/S1Hand/Paraguay_149830_S1Hand.tif,/home/s299259068/Área de Trabalho/Projetos/2026/artigo_llm/data/images/vv/Paraguay_149830.png,/home/s299259068/Área de Trabalho/Projetos/2026/artigo_llm/data/images/vh/Paraguay_149830.png,/home/s299259068/Área de Trabalho/Projetos/2026/artigo_llm/data/images/pseudo_rgb/Paraguay_149830.png,train
Paraguay_153941,Paraguay,NON_WATER,0,0.2445220947265625,/home/s299259068/Área de Trabalho/Projetos/2026/artigo_llm/sen1floods11/HandLabeled/S1Hand/Paraguay_153941_S1Hand.tif,/home/s299259068/Área de Trabalho/Projetos/2026/artigo_llm/data/images/vv/Paraguay_153941.png,/home/s299259068/Área de Trabalho/Projetos/2026/artigo_llm/data/images/vh/Paraguay_153941.png,/home/s299259068/Área de Trabalho/Projetos/2026/artigo_llm/data/images/pseudo_rgb/Paraguay_153941.png,train
Paraguay_179624,Paraguay,NON_WATER,0,0.01602386793280658,/home/s299259068/Área de Trabalho/Projetos/2026/artigo_llm/sen1floods11/HandLabeled/S1Hand/Paraguay_179624_S1Hand.tif,/home/s299259068/Área de Trabalho/Projetos/2026/artigo_llm/data/images/vv/Paraguay_179624.png,/home/s299259068/Área de Trabalho/Projetos/2026/artigo_llm/data/images/vh/Paraguay_179624.png,/home/s299259068/Área de Trabalho/Projetos/2026/artigo_llm/data/images/pseudo_rgb/Paraguay_179624.png,train
Paraguay_191503,Paraguay,NON_WATER,0,0.034332275390625,/home/s299259068/Área de Trabalho/Projetos/2026/artigo_llm/sen1floods11/HandLabeled/S1Hand/Paraguay_191503_S1Hand.tif,/home/s299259068/Área de Trabalho/Projetos/2026/artigo_llm/data/images/vv/Paraguay_191503.png,/home/s299259068/Área de Trabalho/Projetos/2026/artigo_llm/data/images/vh/Paraguay_191503.png,/home/s299259068/Área de Trabalho/Projetos/2026/artigo_llm/data/images/pseudo_rgb/Paraguay_191503.png,train
Paraguay_198534,Paraguay,NON_WATER,0,0.0,/home/s299259068/Área de Trabalho/Projetos/2026/artigo_llm/sen1floods11/HandLabeled/S1Hand/Paraguay_198534_S1Hand.tif,/home/s299259068/Área de Trabalho/Projetos/2026/artigo_llm/data/images/vv/Paraguay_198534.png,/home/s299259068/Área de Trabalho/Projetos/2026/artigo_llm/data/images/vh/Paraguay_198534.png,/home/s299259068/Área de Trabalho/Projetos/2026/artigo_llm/data/images/pseudo_rgb/Paraguay_198534.png,train
Paraguay_205585,Paraguay,NON_WATER,0,0.0,/home/s299259068/Área de Trabalho/Projetos/2026/artigo_llm/sen1floods11/HandLabeled/S1Hand/Paraguay_205585_S1Hand.tif,/home/s299259068/Área de Trabalho/Projetos/2026/artigo_llm/data/images/vv/Paraguay_205585.png,/home/s299259068/Área de Trabalho/Projetos/2026/artigo_llm/data/images/vh/Paraguay_205585.png,/home/s299259068/Área de Trabalho/Projetos/2026/artigo_llm/data/images/pseudo_rgb/Paraguay_205585.png,train
Paraguay_215904,Paraguay,NON_WATER,0,0.0,/home/s299259068/Área de Trabalho/Projetos/2026/artigo_llm/sen1floods11/HandLabeled/S1Hand/Paraguay_215904_S1Hand.tif,/home/s299259068/Área de Trabalho/Projetos/2026/artigo_llm/data/images/vv/Paraguay_215904.png,/home/s299259068/Área de Trabalho/Projetos/2026/artigo_llm/data/images/vh/Paraguay_215904.png,/home/s299259068/Área de Trabalho/Projetos/2026/artigo_llm/data/images/pseudo_rgb/Paraguay_215904.png,train
Paraguay_224845,Paraguay,NON_WATER,0,0.0,/home/s299259068/Área de Trabalho/Projetos/2026/artigo_llm/sen1floods11/HandLabeled/S1Hand/Paraguay_224845_S1Hand.tif,/home/s299259068/Área de Trabalho/Projetos/2026/artigo_llm/data/images/vv/Paraguay_224845.png,/home/s299259068/Área de Trabalho/Projetos/2026/artigo_llm/data/images/vh/Paraguay_224845.png,/home/s299259068/Área de Trabalho/Projetos/2026/artigo_llm/data/images/pseudo_rgb/Paraguay_224845.png,train
Paraguay_225187,Paraguay,NON_WATER,0,0.0179290771484375,/home/s299259068/Área de Trabalho/Projetos/2026/artigo_llm/sen1floods11/HandLabeled/S1Hand/Paraguay_225187_S1Hand.tif,/home/s299259068/Área de Trabalho/Projetos/2026/artigo_llm/data/images/vv/Paraguay_225187.png,/home/s299259068/Área de Trabalho/Projetos/2026/artigo_llm/data/images/vh/Paraguay_225187.png,/home/s299259068/Área de Trabalho/Projetos/2026/artigo_llm/data/images/pseudo_rgb/Paraguay_225187.png,train
Paraguay_232281,Paraguay,WATER,1,11.244583129882812,/home/s299259068/Área de Trabalho/Projetos/2026/artigo_llm/sen1floods11/HandLabeled/S1Hand/Paraguay_232281_S1Hand.tif,/home/s299259068/Área de Trabalho/Projetos/2026/artigo_llm/data/images/vv/Paraguay_232281.png,/home/s299259068/Área de Trabalho/Projetos/2026/artigo_llm/data/images/vh/Paraguay_232281.png,/home/s299259068/Área de Trabalho/Projetos/2026/artigo_llm/data/images/pseudo_rgb/Paraguay_232281.png,train
Paraguay_24341,Paraguay,WATER,1,26.074600219726562,/home/s299259068/Área de Trabalho/Projetos/2026/artigo_llm/sen1floods11/HandLabeled/S1Hand/Paraguay_24341_S1Hand.tif,/home/s299259068/Área de Trabalho/Projetos/2026/artigo_llm/data/images/vv/Paraguay_24341.png,/home/s299259068/Área de Trabalho/Projetos/2026/artigo_llm/data/images/vh/Paraguay_24341.png,/home/s299259068/Área de Trabalho/Projetos/2026/artigo_llm/data/images/pseudo_rgb/Paraguay_24341.png,train
Paraguay_246154,Paraguay,NON_WATER,0,0.01373291015625,/home/s299259068/Área de Trabalho/Projetos/2026/artigo_llm/sen1floods11/HandLabeled/S1Hand/Paraguay_246154_S1Hand.tif,/home/s299259068/Área de Trabalho/Projetos/2026/artigo_llm/data/images/vv/Paraguay_246154.png,/home/s299259068/Área de Trabalho/Projetos/2026/artigo_llm/data/images/vh/Paraguay_246154.png,/home/s299259068/Área de Trabalho/Projetos/2026/artigo_llm/data/images/pseudo_rgb/Paraguay_246154.png,train
Paraguay_252217,Paraguay,NON_WATER,0,0.11728921173830432,/home/s299259068/Área de Trabalho/Projetos/2026/artigo_llm/sen1floods11/HandLabeled/S1Hand/Paraguay_252217_S1Hand.tif,/home/s299259068/Área de Trabalho/Projetos/2026/artigo_llm/data/images/vv/Paraguay_252217.png,/home/s299259068/Área de Trabalho/Projetos/2026/artigo_llm/data/images/vh/Paraguay_252217.png,/home/s299259068/Área de Trabalho/Projetos/2026/artigo_llm/data/images/pseudo_rgb/Paraguay_252217.png,train
Paraguay_271769,Paraguay,NON_WATER,0,0.9967803955078125,/home/s299259068/Área de Trabalho/Projetos/2026/artigo_llm/sen1floods11/HandLabeled/S1Hand/Paraguay_271769_S1Hand.tif,/home/s299259068/Área de Trabalho/Projetos/2026/artigo_llm/data/images/vv/Paraguay_271769.png,/home/s299259068/Área de Trabalho/Projetos/2026/artigo_llm/data/images/vh/Paraguay_271769.png,/home/s299259068/Área de Trabalho/Projetos/2026/artigo_llm/data/images/pseudo_rgb/Paraguay_271769.png,train
Paraguay_284928,Paraguay,NON_WATER,0,0.0,/home/s299259068/Área de Trabalho/Projetos/2026/artigo_llm/sen1floods11/HandLabeled/S1Hand/Paraguay_284928_S1Hand.tif,/home/s299259068/Área de Trabalho/Projetos/2026/artigo_llm/data/images/vv/Paraguay_284928.png,/home/s299259068/Área de Trabalho/Projetos/2026/artigo_llm/data/images/vh/Paraguay_284928.png,/home/s299259068/Área de Trabalho/Projetos/2026/artigo_llm/data/images/pseudo_rgb/Paraguay_284928.png,train
Paraguay_305760,Paraguay,WATER,1,16.704940795898438,/home/s299259068/Área de Trabalho/Projetos/2026/artigo_llm/sen1floods11/HandLabeled/S1Hand/Paraguay_305760_S1Hand.tif,/home/s299259068/Área de Trabalho/Projetos/2026/artigo_llm/data/images/vv/Paraguay_305760.png,/home/s299259068/Área de Trabalho/Projetos/2026/artigo_llm/data/images/vh/Paraguay_305760.png,/home/s299259068/Área de Trabalho/Projetos/2026/artigo_llm/data/images/pseudo_rgb/Paraguay_305760.png,train
Paraguay_339807,Paraguay,WATER,1,27.044669856816032,/home/s299259068/Área de Trabalho/Projetos/2026/artigo_llm/sen1floods11/HandLabeled/S1Hand/Paraguay_339807_S1Hand.tif,/home/s299259068/Área de Trabalho/Projetos/2026/artigo_llm/data/images/vv/Paraguay_339807.png,/home/s299259068/Área de Trabalho/Projetos/2026/artigo_llm/data/images/vh/Paraguay_339807.png,/home/s299259068/Área de Trabalho/Projetos/2026/artigo_llm/data/images/pseudo_rgb/Paraguay_339807.png,train
Paraguay_34417,Paraguay,WATER,1,100.0,/home/s299259068/Área de Trabalho/Projetos/2026/artigo_llm/sen1floods11/HandLabeled/S1Hand/Paraguay_34417_S1Hand.tif,/home/s299259068/Área de Trabalho/Projetos/2026/artigo_llm/data/images/vv/Paraguay_34417.png,/home/s299259068/Área de Trabalho/Projetos/2026/artigo_llm/data/images/vh/Paraguay_34417.png,/home/s299259068/Área de Trabalho/Projetos/2026/artigo_llm/data/images/pseudo_rgb/Paraguay_34417.png,train
Paraguay_36015,Paraguay,NON_WATER,0,0.0,/home/s299259068/Área de Trabalho/Projetos/2026/artigo_llm/sen1floods11/HandLabeled/S1Hand/Paraguay_36015_S1Hand.tif,/home/s299259068/Área de Trabalho/Projetos/2026/artigo_llm/data/images/vv/Paraguay_36015.png,/home/s299259068/Área de Trabalho/Projetos/2026/artigo_llm/data/images/vh/Paraguay_36015.png,/home/s299259068/Área de Trabalho/Projetos/2026/artigo_llm/data/images/pseudo_rgb/Paraguay_36015.png,train
Paraguay_36146,Paraguay,NON_WATER,0,0.0,/home/s299259068/Área de Trabalho/Projetos/2026/artigo_llm/sen1floods11/HandLabeled/S1Hand/Paraguay_36146_S1Hand.tif,/home/s299259068/Área de Trabalho/Projetos/2026/artigo_llm/data/images/vv/Paraguay_36146.png,/home/s299259068/Área de Trabalho/Projetos/2026/artigo_llm/data/images/vh/Paraguay_36146.png,/home/s299259068/Área de Trabalho/Projetos/2026/artigo_llm/data/images/pseudo_rgb/Paraguay_36146.png,train
Paraguay_403081,Paraguay,NON_WATER,0,0.481115611841368,/home/s299259068/Área de Trabalho/Projetos/2026/artigo_llm/sen1floods11/HandLabeled/S1Hand/Paraguay_403081_S1Hand.tif,/home/s299259068/Área de Trabalho/Projetos/2026/artigo_llm/data/images/vv/Paraguay_403081.png,/home/s299259068/Área de Trabalho/Projetos/2026/artigo_llm/data/images/vh/Paraguay_403081.png,/home/s299259068/Área de Trabalho/Projetos/2026/artigo_llm/data/images/pseudo_rgb/Paraguay_403081.png,train
Paraguay_40936,Paraguay,NON_WATER,0,0.0,/home/s299259068/Área de Trabalho/Projetos/2026/artigo_llm/sen1floods11/HandLabeled/S1Hand/Paraguay_40936_S1Hand.tif,/home/s299259068/Área de Trabalho/Projetos/2026/artigo_llm/data/images/vv/Paraguay_40936.png,/home/s299259068/Área de Trabalho/Projetos/2026/artigo_llm/data/images/vh/Paraguay_40936.png,/home/s299259068/Área de Trabalho/Projetos/2026/artigo_llm/data/images/pseudo_rgb/Paraguay_40936.png,train
Paraguay_44682,Paraguay,NON_WATER,0,0.4993438720703125,/home/s299259068/Área de Trabalho/Projetos/2026/artigo_llm/sen1floods11/HandLabeled/S1Hand/Paraguay_44682_S1Hand.tif,/home/s299259068/Área de Trabalho/Projetos/2026/artigo_llm/data/images/vv/Paraguay_44682.png,/home/s299259068/Área de Trabalho/Projetos/2026/artigo_llm/data/images/vh/Paraguay_44682.png,/home/s299259068/Área de Trabalho/Projetos/2026/artigo_llm/data/images/pseudo_rgb/Paraguay_44682.png,train
Paraguay_482517,Paraguay,WATER,1,18.2788906009245,/home/s299259068/Área de Trabalho/Projetos/2026/artigo_llm/sen1floods11/HandLabeled/S1Hand/Paraguay_482517_S1Hand.tif,/home/s299259068/Área de Trabalho/Projetos/2026/artigo_llm/data/images/vv/Paraguay_482517.png,/home/s299259068/Área de Trabalho/Projetos/2026/artigo_llm/data/images/vh/Paraguay_482517.png,/home/s299259068/Área de Trabalho/Projetos/2026/artigo_llm/data/images/pseudo_rgb/Paraguay_482517.png,train
Paraguay_48673,Paraguay,NON_WATER,0,0.0507354736328125,/home/s299259068/Área de Trabalho/Projetos/2026/artigo_llm/sen1floods11/HandLabeled/S1Hand/Paraguay_48673_S1Hand.tif,/home/s299259068/Área de Trabalho/Projetos/2026/artigo_llm/data/images/vv/Paraguay_48673.png,/home/s299259068/Área de Trabalho/Projetos/2026/artigo_llm/data/images/vh/Paraguay_48673.png,/home/s299259068/Área de Trabalho/Projetos/2026/artigo_llm/data/images/pseudo_rgb/Paraguay_48673.png,train
Paraguay_54421,Paraguay,NON_WATER,0,0.0152587890625,/home/s299259068/Área de Trabalho/Projetos/2026/artigo_llm/sen1floods11/HandLabeled/S1Hand/Paraguay_54421_S1Hand.tif,/home/s299259068/Área de Trabalho/Projetos/2026/artigo_llm/data/images/vv/Paraguay_54421.png,/home/s299259068/Área de Trabalho/Projetos/2026/artigo_llm/data/images/vh/Paraguay_54421.png,/home/s299259068/Área de Trabalho/Projetos/2026/artigo_llm/data/images/pseudo_rgb/Paraguay_54421.png,train
Paraguay_581976,Paraguay,WATER,1,56.7657470703125,/home/s299259068/Área de Trabalho/Projetos/2026/artigo_llm/sen1floods11/HandLabeled/S1Hand/Paraguay_581976_S1Hand.tif,/home/s299259068/Área de Trabalho/Projetos/2026/artigo_llm/data/images/vv/Paraguay_581976.png,/home/s299259068/Área de Trabalho/Projetos/2026/artigo_llm/data/images/vh/Paraguay_581976.png,/home/s299259068/Área de Trabalho/Projetos/2026/artigo_llm/data/images/pseudo_rgb/Paraguay_581976.png,train
Paraguay_605682,Paraguay,WATER,1,28.778076171875,/home/s299259068/Área de Trabalho/Projetos/2026/artigo_llm/sen1floods11/HandLabeled/S1Hand/Paraguay_605682_S1Hand.tif,/home/s299259068/Área de Trabalho/Projetos/2026/artigo_llm/data/images/vv/Paraguay_605682.png,/home/s299259068/Área de Trabalho/Projetos/2026/artigo_llm/data/images/vh/Paraguay_605682.png,/home/s299259068/Área de Trabalho/Projetos/2026/artigo_llm/data/images/pseudo_rgb/Paraguay_605682.png,train
Paraguay_62897,Paraguay,WATER,1,15.694427490234375,/home/s299259068/Área de Trabalho/Projetos/2026/artigo_llm/sen1floods11/HandLabeled/S1Hand/Paraguay_62897_S1Hand.tif,/home/s299259068/Área de Trabalho/Projetos/2026/artigo_llm/data/images/vv/Paraguay_62897.png,/home/s299259068/Área de Trabalho/Projetos/2026/artigo_llm/data/images/vh/Paraguay_62897.png,/home/s299259068/Área de Trabalho/Projetos/2026/artigo_llm/data/images/pseudo_rgb/Paraguay_62897.png,train
Paraguay_651904,Paraguay,WATER,1,10.35919189453125,/home/s299259068/Área de Trabalho/Projetos/2026/artigo_llm/sen1floods11/HandLabeled/S1Hand/Paraguay_651904_S1Hand.tif,/home/s299259068/Área de Trabalho/Projetos/2026/artigo_llm/data/images/vv/Paraguay_651904.png,/home/s299259068/Área de Trabalho/Projetos/2026/artigo_llm/data/images/vh/Paraguay_651904.png,/home/s299259068/Área de Trabalho/Projetos/2026/artigo_llm/data/images/pseudo_rgb/Paraguay_651904.png,train
Paraguay_657443,Paraguay,WATER,1,24.785614013671875,/home/s299259068/Área de Trabalho/Projetos/2026/artigo_llm/sen1floods11/HandLabeled/S1Hand/Paraguay_657443_S1Hand.tif,/home/s299259068/Área de Trabalho/Projetos/2026/artigo_llm/data/images/vv/Paraguay_657443.png,/home/s299259068/Área de Trabalho/Projetos/2026/artigo_llm/data/images/vh/Paraguay_657443.png,/home/s299259068/Área de Trabalho/Projetos/2026/artigo_llm/data/images/pseudo_rgb/Paraguay_657443.png,train
Paraguay_7894,Paraguay,NON_WATER,0,0.0,/home/s299259068/Área de Trabalho/Projetos/2026/artigo_llm/sen1floods11/HandLabeled/S1Hand/Paraguay_7894_S1Hand.tif,/home/s299259068/Área de Trabalho/Projetos/2026/artigo_llm/data/images/vv/Paraguay_7894.png,/home/s299259068/Área de Trabalho/Projetos/2026/artigo_llm/data/images/vh/Paraguay_7894.png,/home/s299259068/Área de Trabalho/Projetos/2026/artigo_llm/data/images/pseudo_rgb/Paraguay_7894.png,train
Paraguay_790830,Paraguay,WATER,1,12.230904406219013,/home/s299259068/Área de Trabalho/Projetos/2026/artigo_llm/sen1floods11/HandLabeled/S1Hand/Paraguay_790830_S1Hand.tif,/home/s299259068/Área de Trabalho/Projetos/2026/artigo_llm/data/images/vv/Paraguay_790830.png,/home/s299259068/Área de Trabalho/Projetos/2026/artigo_llm/data/images/vh/Paraguay_790830.png,/home/s299259068/Área de Trabalho/Projetos/2026/artigo_llm/data/images/pseudo_rgb/Paraguay_790830.png,train
Paraguay_791364,Paraguay,NON_WATER,0,0.46077139091065394,/home/s299259068/Área de Trabalho/Projetos/2026/artigo_llm/sen1floods11/HandLabeled/S1Hand/Paraguay_791364_S1Hand.tif,/home/s299259068/Área de Trabalho/Projetos/2026/artigo_llm/data/images/vv/Paraguay_791364.png,/home/s299259068/Área de Trabalho/Projetos/2026/artigo_llm/data/images/vh/Paraguay_791364.png,/home/s299259068/Área de Trabalho/Projetos/2026/artigo_llm/data/images/pseudo_rgb/Paraguay_791364.png,train
Paraguay_792268,Paraguay,NON_WATER,0,0.5135052647642301,/home/s299259068/Área de Trabalho/Projetos/2026/artigo_llm/sen1floods11/HandLabeled/S1Hand/Paraguay_792268_S1Hand.tif,/home/s299259068/Área de Trabalho/Projetos/2026/artigo_llm/data/images/vv/Paraguay_792268.png,/home/s299259068/Área de Trabalho/Projetos/2026/artigo_llm/data/images/vh/Paraguay_792268.png,/home/s299259068/Área de Trabalho/Projetos/2026/artigo_llm/data/images/pseudo_rgb/Paraguay_792268.png,train
Paraguay_80102,Paraguay,NON_WATER,0,0.008392365998710627,/home/s299259068/Área de Trabalho/Projetos/2026/artigo_llm/sen1floods11/HandLabeled/S1Hand/Paraguay_80102_S1Hand.tif,/home/s299259068/Área de Trabalho/Projetos/2026/artigo_llm/data/images/vv/Paraguay_80102.png,/home/s299259068/Área de Trabalho/Projetos/2026/artigo_llm/data/images/vh/Paraguay_80102.png,/home/s299259068/Área de Trabalho/Projetos/2026/artigo_llm/data/images/pseudo_rgb/Paraguay_80102.png,train
Paraguay_822142,Paraguay,WATER,1,30.590057373046875,/home/s299259068/Área de Trabalho/Projetos/2026/artigo_llm/sen1floods11/HandLabeled/S1Hand/Paraguay_822142_S1Hand.tif,/home/s299259068/Área de Trabalho/Projetos/2026/artigo_llm/data/images/vv/Paraguay_822142.png,/home/s299259068/Área de Trabalho/Projetos/2026/artigo_llm/data/images/vh/Paraguay_822142.png,/home/s299259068/Área de Trabalho/Projetos/2026/artigo_llm/data/images/pseudo_rgb/Paraguay_822142.png,train
Paraguay_892933,Paraguay,WATER,1,10.135650634765625,/home/s299259068/Área de Trabalho/Projetos/2026/artigo_llm/sen1floods11/HandLabeled/S1Hand/Paraguay_892933_S1Hand.tif,/home/s299259068/Área de Trabalho/Projetos/2026/artigo_llm/data/images/vv/Paraguay_892933.png,/home/s299259068/Área de Trabalho/Projetos/2026/artigo_llm/data/images/vh/Paraguay_892933.png,/home/s299259068/Área de Trabalho/Projetos/2026/artigo_llm/data/images/pseudo_rgb/Paraguay_892933.png,train
Paraguay_896458,Paraguay,WATER,1,20.483384438959938,/home/s299259068/Área de Trabalho/Projetos/2026/artigo_llm/sen1floods11/HandLabeled/S1Hand/Paraguay_896458_S1Hand.tif,/home/s299259068/Área de Trabalho/Projetos/2026/artigo_llm/data/images/vv/Paraguay_896458.png,/home/s299259068/Área de Trabalho/Projetos/2026/artigo_llm/data/images/vh/Paraguay_896458.png,/home/s299259068/Área de Trabalho/Projetos/2026/artigo_llm/data/images/pseudo_rgb/Paraguay_896458.png,train
Paraguay_989230,Paraguay,WATER,1,16.63802040704971,/home/s299259068/Área de Trabalho/Projetos/2026/artigo_llm/sen1floods11/HandLabeled/S1Hand/Paraguay_989230_S1Hand.tif,/home/s299259068/Área de Trabalho/Projetos/2026/artigo_llm/data/images/vv/Paraguay_989230.png,/home/s299259068/Área de Trabalho/Projetos/2026/artigo_llm/data/images/vh/Paraguay_989230.png,/home/s299259068/Área de Trabalho/Projetos/2026/artigo_llm/data/images/pseudo_rgb/Paraguay_989230.png,train
USA_1010394,USA,NON_WATER,0,0.5649846832309036,/home/s299259068/Área de Trabalho/Projetos/2026/artigo_llm/sen1floods11/HandLabeled/S1Hand/USA_1010394_S1Hand.tif,/home/s299259068/Área de Trabalho/Projetos/2026/artigo_llm/data/images/vv/USA_1010394.png,/home/s299259068/Área de Trabalho/Projetos/2026/artigo_llm/data/images/vh/USA_1010394.png,/home/s299259068/Área de Trabalho/Projetos/2026/artigo_llm/data/images/pseudo_rgb/USA_1010394.png,train
USA_1039203,USA,NON_WATER,0,0.6146227566841655,/home/s299259068/Área de Trabalho/Projetos/2026/artigo_llm/sen1floods11/HandLabeled/S1Hand/USA_1039203_S1Hand.tif,/home/s299259068/Área de Trabalho/Projetos/2026/artigo_llm/data/images/vv/USA_1039203.png,/home/s299259068/Área de Trabalho/Projetos/2026/artigo_llm/data/images/vh/USA_1039203.png,/home/s299259068/Área de Trabalho/Projetos/2026/artigo_llm/data/images/pseudo_rgb/USA_1039203.png,train
USA_1049586,USA,NON_WATER,0,0.8097351380022209,/home/s299259068/Área de Trabalho/Projetos/2026/artigo_llm/sen1floods11/HandLabeled/S1Hand/USA_1049586_S1Hand.tif,/home/s299259068/Área de Trabalho/Projetos/2026/artigo_llm/data/images/vv/USA_1049586.png,/home/s299259068/Área de Trabalho/Projetos/2026/artigo_llm/data/images/vh/USA_1049586.png,/home/s299259068/Área de Trabalho/Projetos/2026/artigo_llm/data/images/pseudo_rgb/USA_1049586.png,train
USA_1068362,USA,WATER,1,11.895896598556408,/home/s299259068/Área de Trabalho/Projetos/2026/artigo_llm/sen1floods11/HandLabeled/S1Hand/USA_1068362_S1Hand.tif,/home/s299259068/Área de Trabalho/Projetos/2026/artigo_llm/data/images/vv/USA_1068362.png,/home/s299259068/Área de Trabalho/Projetos/2026/artigo_llm/data/images/vh/USA_1068362.png,/home/s299259068/Área de Trabalho/Projetos/2026/artigo_llm/data/images/pseudo_rgb/USA_1068362.png,train
USA_1082482,USA,NON_WATER,0,0.8415671613321635,/home/s299259068/Área de Trabalho/Projetos/2026/artigo_llm/sen1floods11/HandLabeled/S1Hand/USA_1082482_S1Hand.tif,/home/s299259068/Área de Trabalho/Projetos/2026/artigo_llm/data/images/vv/USA_1082482.png,/home/s299259068/Área de Trabalho/Projetos/2026/artigo_llm/data/images/vh/USA_1082482.png,/home/s299259068/Área de Trabalho/Projetos/2026/artigo_llm/data/images/pseudo_rgb/USA_1082482.png,train
USA_11422,USA,WATER,1,13.740644383578365,/home/s299259068/Área de Trabalho/Projetos/2026/artigo_llm/sen1floods11/HandLabeled/S1Hand/USA_11422_S1Hand.tif,/home/s299259068/Área de Trabalho/Projetos/2026/artigo_llm/data/images/vv/USA_11422.png,/home/s299259068/Área de Trabalho/Projetos/2026/artigo_llm/data/images/vh/USA_11422.png,/home/s299259068/Área de Trabalho/Projetos/2026/artigo_llm/data/images/pseudo_rgb/USA_11422.png,train
USA_114964,USA,NON_WATER,0,0.1350500715307582,/home/s299259068/Área de Trabalho/Projetos/2026/artigo_llm/sen1floods11/HandLabeled/S1Hand/USA_114964_S1Hand.tif,/home/s299259068/Área de Trabalho/Projetos/2026/artigo_llm/data/images/vv/USA_114964.png,/home/s299259068/Área de Trabalho/Projetos/2026/artigo_llm/data/images/vh/USA_114964.png,/home/s299259068/Área de Trabalho/Projetos/2026/artigo_llm/data/images/pseudo_rgb/USA_114964.png,train
USA_115033,USA,NON_WATER,0,0.9000072488926363,/home/s299259068/Área de Trabalho/Projetos/2026/artigo_llm/sen1floods11/HandLabeled/S1Hand/USA_115033_S1Hand.tif,/home/s299259068/Área de Trabalho/Projetos/2026/artigo_llm/data/images/vv/USA_115033.png,/home/s299259068/Área de Trabalho/Projetos/2026/artigo_llm/data/images/vh/USA_115033.png,/home/s299259068/Área de Trabalho/Projetos/2026/artigo_llm/data/images/pseudo_rgb/USA_115033.png,train
USA_170264,USA,WATER,1,16.617553877747326,/home/s299259068/Área de Trabalho/Projetos/2026/artigo_llm/sen1floods11/HandLabeled/S1Hand/USA_170264_S1Hand.tif,/home/s299259068/Área de Trabalho/Projetos/2026/artigo_llm/data/images/vv/USA_170264.png,/home/s299259068/Área de Trabalho/Projetos/2026/artigo_llm/data/images/vh/USA_170264.png,/home/s299259068/Área de Trabalho/Projetos/2026/artigo_llm/data/images/pseudo_rgb/USA_170264.png,train
USA_179917,USA,NON_WATER,0,0.1949682175097484,/home/s299259068/Área de Trabalho/Projetos/2026/artigo_llm/sen1floods11/HandLabeled/S1Hand/USA_179917_S1Hand.tif,/home/s299259068/Área de Trabalho/Projetos/2026/artigo_llm/data/images/vv/USA_179917.png,/home/s299259068/Área de Trabalho/Projetos/2026/artigo_llm/data/images/vh/USA_179917.png,/home/s299259068/Área de Trabalho/Projetos/2026/artigo_llm/data/images/pseudo_rgb/USA_179917.png,train
USA_181263,USA,NON_WATER,0,0.5115986376584635,/home/s299259068/Área de Trabalho/Projetos/2026/artigo_llm/sen1floods11/HandLabeled/S1Hand/USA_181263_S1Hand.tif,/home/s299259068/Área de Trabalho/Projetos/2026/artigo_llm/data/images/vv/USA_181263.png,/home/s299259068/Área de Trabalho/Projetos/2026/artigo_llm/data/images/vh/USA_181263.png,/home/s299259068/Área de Trabalho/Projetos/2026/artigo_llm/data/images/pseudo_rgb/USA_181263.png,train
USA_181503,USA,NON_WATER,0,0.45552524655208587,/home/s299259068/Área de Trabalho/Projetos/2026/artigo_llm/sen1floods11/HandLabeled/S1Hand/USA_181503_S1Hand.tif,/home/s299259068/Área de Trabalho/Projetos/2026/artigo_llm/data/images/vv/USA_181503.png,/home/s299259068/Área de Trabalho/Projetos/2026/artigo_llm/data/images/vh/USA_181503.png,/home/s299259068/Área de Trabalho/Projetos/2026/artigo_llm/data/images/pseudo_rgb/USA_181503.png,train
USA_19225,USA,NON_WATER,0,0.5306689251569879,/home/s299259068/Área de Trabalho/Projetos/2026/artigo_llm/sen1floods11/HandLabeled/S1Hand/USA_19225_S1Hand.tif,/home/s299259068/Área de Trabalho/Projetos/2026/artigo_llm/data/images/vv/USA_19225.png,/home/s299259068/Área de Trabalho/Projetos/2026/artigo_llm/data/images/vh/USA_19225.png,/home/s299259068/Área de Trabalho/Projetos/2026/artigo_llm/data/images/pseudo_rgb/USA_19225.png,train
USA_198411,USA,WATER,1,10.373774073282515,/home/s299259068/Área de Trabalho/Projetos/2026/artigo_llm/sen1floods11/HandLabeled/S1Hand/USA_198411_S1Hand.tif,/home/s299259068/Área de Trabalho/Projetos/2026/artigo_llm/data/images/vv/USA_198411.png,/home/s299259068/Área de Trabalho/Projetos/2026/artigo_llm/data/images/vh/USA_198411.png,/home/s299259068/Área de Trabalho/Projetos/2026/artigo_llm/data/images/pseudo_rgb/USA_198411.png,train
USA_211406,USA,NON_WATER,0,0.43113151037195585,/home/s299259068/Área de Trabalho/Projetos/2026/artigo_llm/sen1floods11/HandLabeled/S1Hand/USA_211406_S1Hand.tif,/home/s299259068/Área de Trabalho/Projetos/2026/artigo_llm/data/images/vv/USA_211406.png,/home/s299259068/Área de Trabalho/Projetos/2026/artigo_llm/data/images/vh/USA_211406.png,/home/s299259068/Área de Trabalho/Projetos/2026/artigo_llm/data/images/pseudo_rgb/USA_211406.png,train
USA_217598,USA,WATER,1,17.566502730755644,/home/s299259068/Área de Trabalho/Projetos/2026/artigo_llm/sen1floods11/HandLabeled/S1Hand/USA_217598_S1Hand.tif,/home/s299259068/Área de Trabalho/Projetos/2026/artigo_llm/data/images/vv/USA_217598.png,/home/s299259068/Área de Trabalho/Projetos/2026/artigo_llm/data/images/vh/USA_217598.png,/home/s299259068/Área de Trabalho/Projetos/2026/artigo_llm/data/images/pseudo_rgb/USA_217598.png,train
USA_224165,USA,NON_WATER,0,0.06142084341118394,/home/s299259068/Área de Trabalho/Projetos/2026/artigo_llm/sen1floods11/HandLabeled/S1Hand/USA_224165_S1Hand.tif,/home/s299259068/Área de Trabalho/Projetos/2026/artigo_llm/data/images/vv/USA_224165.png,/home/s299259068/Área de Trabalho/Projetos/2026/artigo_llm/data/images/vh/USA_224165.png,/home/s299259068/Área de Trabalho/Projetos/2026/artigo_llm/data/images/pseudo_rgb/USA_224165.png,train
USA_232060,USA,NON_WATER,0,0.6535000209821956,/home/s299259068/Área de Trabalho/Projetos/2026/artigo_llm/sen1floods11/HandLabeled/S1Hand/USA_232060_S1Hand.tif,/home/s299259068/Área de Trabalho/Projetos/2026/artigo_llm/data/images/vv/USA_232060.png,/home/s299259068/Área de Trabalho/Projetos/2026/artigo_llm/data/images/vh/USA_232060.png,/home/s299259068/Área de Trabalho/Projetos/2026/artigo_llm/data/images/pseudo_rgb/USA_232060.png,train
USA_251323,USA,NON_WATER,0,0.2662447612991212,/home/s299259068/Área de Trabalho/Projetos/2026/artigo_llm/sen1floods11/HandLabeled/S1Hand/USA_251323_S1Hand.tif,/home/s299259068/Área de Trabalho/Projetos/2026/artigo_llm/data/images/vv/USA_251323.png,/home/s299259068/Área de Trabalho/Projetos/2026/artigo_llm/data/images/vh/USA_251323.png,/home/s299259068/Área de Trabalho/Projetos/2026/artigo_llm/data/images/pseudo_rgb/USA_251323.png,train
USA_347609,USA,NON_WATER,0,0.8032639323731997,/home/s299259068/Área de Trabalho/Projetos/2026/artigo_llm/sen1floods11/HandLabeled/S1Hand/USA_347609_S1Hand.tif,/home/s299259068/Área de Trabalho/Projetos/2026/artigo_llm/data/images/vv/USA_347609.png,/home/s299259068/Área de Trabalho/Projetos/2026/artigo_llm/data/images/vh/USA_347609.png,/home/s299259068/Área de Trabalho/Projetos/2026/artigo_llm/data/images/pseudo_rgb/USA_347609.png,train
USA_348639,USA,WATER,1,10.359456428020968,/home/s299259068/Área de Trabalho/Projetos/2026/artigo_llm/sen1floods11/HandLabeled/S1Hand/USA_348639_S1Hand.tif,/home/s299259068/Área de Trabalho/Projetos/2026/artigo_llm/data/images/vv/USA_348639.png,/home/s299259068/Área de Trabalho/Projetos/2026/artigo_llm/data/images/vh/USA_348639.png,/home/s299259068/Área de Trabalho/Projetos/2026/artigo_llm/data/images/pseudo_rgb/USA_348639.png,train
USA_350244,USA,NON_WATER,0,0.49023348084846635,/home/s299259068/Área de Trabalho/Projetos/2026/artigo_llm/sen1floods11/HandLabeled/S1Hand/USA_350244_S1Hand.tif,/home/s299259068/Área de Trabalho/Projetos/2026/artigo_llm/data/images/vv/USA_350244.png,/home/s299259068/Área de Trabalho/Projetos/2026/artigo_llm/data/images/vh/USA_350244.png,/home/s299259068/Área de Trabalho/Projetos/2026/artigo_llm/data/images/pseudo_rgb/USA_350244.png,train
USA_354981,USA,NON_WATER,0,0.6579876417402323,/home/s299259068/Área de Trabalho/Projetos/2026/artigo_llm/sen1floods11/HandLabeled/S1Hand/USA_354981_S1Hand.tif,/home/s299259068/Área de Trabalho/Projetos/2026/artigo_llm/data/images/vv/USA_354981.png,/home/s299259068/Área de Trabalho/Projetos/2026/artigo_llm/data/images/vh/USA_354981.png,/home/s299259068/Área de Trabalho/Projetos/2026/artigo_llm/data/images/pseudo_rgb/USA_354981.png,train
USA_366607,USA,WATER,1,18.816353156149983,/home/s299259068/Área de Trabalho/Projetos/2026/artigo_llm/sen1floods11/HandLabeled/S1Hand/USA_366607_S1Hand.tif,/home/s299259068/Área de Trabalho/Projetos/2026/artigo_llm/data/images/vv/USA_366607.png,/home/s299259068/Área de Trabalho/Projetos/2026/artigo_llm/data/images/vh/USA_366607.png,/home/s299259068/Área de Trabalho/Projetos/2026/artigo_llm/data/images/pseudo_rgb/USA_366607.png,train
USA_519181,USA,NON_WATER,0,0.8209760917417893,/home/s299259068/Área de Trabalho/Projetos/2026/artigo_llm/sen1floods11/HandLabeled/S1Hand/USA_519181_S1Hand.tif,/home/s299259068/Área de Trabalho/Projetos/2026/artigo_llm/data/images/vv/USA_519181.png,/home/s299259068/Área de Trabalho/Projetos/2026/artigo_llm/data/images/vh/USA_519181.png,/home/s299259068/Área de Trabalho/Projetos/2026/artigo_llm/data/images/pseudo_rgb/USA_519181.png,train
USA_527077,USA,NON_WATER,0,0.6279398917318704,/home/s299259068/Área de Trabalho/Projetos/2026/artigo_llm/sen1floods11/HandLabeled/S1Hand/USA_527077_S1Hand.tif,/home/s299259068/Área de Trabalho/Projetos/2026/artigo_llm/data/images/vv/USA_527077.png,/home/s299259068/Área de Trabalho/Projetos/2026/artigo_llm/data/images/vh/USA_527077.png,/home/s299259068/Área de Trabalho/Projetos/2026/artigo_llm/data/images/pseudo_rgb/USA_527077.png,train
USA_646878,USA,NON_WATER,0,0.9582012380718967,/home/s299259068/Área de Trabalho/Projetos/2026/artigo_llm/sen1floods11/HandLabeled/S1Hand/USA_646878_S1Hand.tif,/home/s299259068/Área de Trabalho/Projetos/2026/artigo_llm/data/images/vv/USA_646878.png,/home/s299259068/Área de Trabalho/Projetos/2026/artigo_llm/data/images/vh/USA_646878.png,/home/s299259068/Área de Trabalho/Projetos/2026/artigo_llm/data/images/pseudo_rgb/USA_646878.png,train
USA_655230,USA,NON_WATER,0,0.43680783125865513,/home/s299259068/Área de Trabalho/Projetos/2026/artigo_llm/sen1floods11/HandLabeled/S1Hand/USA_655230_S1Hand.tif,/home/s299259068/Área de Trabalho/Projetos/2026/artigo_llm/data/images/vv/USA_655230.png,/home/s299259068/Área de Trabalho/Projetos/2026/artigo_llm/data/images/vh/USA_655230.png,/home/s299259068/Área de Trabalho/Projetos/2026/artigo_llm/data/images/pseudo_rgb/USA_655230.png,train
USA_66026,USA,NON_WATER,0,0.37651492898859773,/home/s299259068/Área de Trabalho/Projetos/2026/artigo_llm/sen1floods11/HandLabeled/S1Hand/USA_66026_S1Hand.tif,/home/s299259068/Área de Trabalho/Projetos/2026/artigo_llm/data/images/vv/USA_66026.png,/home/s299259068/Área de Trabalho/Projetos/2026/artigo_llm/data/images/vh/USA_66026.png,/home/s299259068/Área de Trabalho/Projetos/2026/artigo_llm/data/images/pseudo_rgb/USA_66026.png,train
USA_693819,USA,NON_WATER,0,0.9362695723834814,/home/s299259068/Área de Trabalho/Projetos/2026/artigo_llm/sen1floods11/HandLabeled/S1Hand/USA_693819_S1Hand.tif,/home/s299259068/Área de Trabalho/Projetos/2026/artigo_llm/data/images/vv/USA_693819.png,/home/s299259068/Área de Trabalho/Projetos/2026/artigo_llm/data/images/vh/USA_693819.png,/home/s299259068/Área de Trabalho/Projetos/2026/artigo_llm/data/images/pseudo_rgb/USA_693819.png,train
USA_741178,USA,NON_WATER,0,0.5516620440490315,/home/s299259068/Área de Trabalho/Projetos/2026/artigo_llm/sen1floods11/HandLabeled/S1Hand/USA_741178_S1Hand.tif,/home/s299259068/Área de Trabalho/Projetos/2026/artigo_llm/data/images/vv/USA_741178.png,/home/s299259068/Área de Trabalho/Projetos/2026/artigo_llm/data/images/vh/USA_741178.png,/home/s299259068/Área de Trabalho/Projetos/2026/artigo_llm/data/images/pseudo_rgb/USA_741178.png,train
USA_758178,USA,NON_WATER,0,0.6168624324293392,/home/s299259068/Área de Trabalho/Projetos/2026/artigo_llm/sen1floods11/HandLabeled/S1Hand/USA_758178_S1Hand.tif,/home/s299259068/Área de Trabalho/Projetos/2026/artigo_llm/data/images/vv/USA_758178.png,/home/s299259068/Área de Trabalho/Projetos/2026/artigo_llm/data/images/vh/USA_758178.png,/home/s299259068/Área de Trabalho/Projetos/2026/artigo_llm/data/images/pseudo_rgb/USA_758178.png,train
USA_770353,USA,WATER,1,13.13300857172285,/home/s299259068/Área de Trabalho/Projetos/2026/artigo_llm/sen1floods11/HandLabeled/S1Hand/USA_770353_S1Hand.tif,/home/s299259068/Área de Trabalho/Projetos/2026/artigo_llm/data/images/vv/USA_770353.png,/home/s299259068/Área de Trabalho/Projetos/2026/artigo_llm/data/images/vh/USA_770353.png,/home/s299259068/Área de Trabalho/Projetos/2026/artigo_llm/data/images/pseudo_rgb/USA_770353.png,train
USA_788696,USA,WATER,1,42.51695749372439,/home/s299259068/Área de Trabalho/Projetos/2026/artigo_llm/sen1floods11/HandLabeled/S1Hand/USA_788696_S1Hand.tif,/home/s299259068/Área de Trabalho/Projetos/2026/artigo_llm/data/images/vv/USA_788696.png,/home/s299259068/Área de Trabalho/Projetos/2026/artigo_llm/data/images/vh/USA_788696.png,/home/s299259068/Área de Trabalho/Projetos/2026/artigo_llm/data/images/pseudo_rgb/USA_788696.png,train
USA_86502,USA,WATER,1,25.31625288022828,/home/s299259068/Área de Trabalho/Projetos/2026/artigo_llm/sen1floods11/HandLabeled/S1Hand/USA_86502_S1Hand.tif,/home/s299259068/Área de Trabalho/Projetos/2026/artigo_llm/data/images/vv/USA_86502.png,/home/s299259068/Área de Trabalho/Projetos/2026/artigo_llm/data/images/vh/USA_86502.png,/home/s299259068/Área de Trabalho/Projetos/2026/artigo_llm/data/images/pseudo_rgb/USA_86502.png,train
USA_905409,USA,WATER,1,16.965726691059483,/home/s299259068/Área de Trabalho/Projetos/2026/artigo_llm/sen1floods11/HandLabeled/S1Hand/USA_905409_S1Hand.tif,/home/s299259068/Área de Trabalho/Projetos/2026/artigo_llm/data/images/vv/USA_905409.png,/home/s299259068/Área de Trabalho/Projetos/2026/artigo_llm/data/images/vh/USA_905409.png,/home/s299259068/Área de Trabalho/Projetos/2026/artigo_llm/data/images/pseudo_rgb/USA_905409.png,train
USA_908474,USA,NON_WATER,0,0.704389268556994,/home/s299259068/Área de Trabalho/Projetos/2026/artigo_llm/sen1floods11/HandLabeled/S1Hand/USA_908474_S1Hand.tif,/home/s299259068/Área de Trabalho/Projetos/2026/artigo_llm/data/images/vv/USA_908474.png,/home/s299259068/Área de Trabalho/Projetos/2026/artigo_llm/data/images/vh/USA_908474.png,/home/s299259068/Área de Trabalho/Projetos/2026/artigo_llm/data/images/pseudo_rgb/USA_908474.png,train
USA_955053,USA,WATER,1,13.671320668345158,/home/s299259068/Área de Trabalho/Projetos/2026/artigo_llm/sen1floods11/HandLabeled/S1Hand/USA_955053_S1Hand.tif,/home/s299259068/Área de Trabalho/Projetos/2026/artigo_llm/data/images/vv/USA_955053.png,/home/s299259068/Área de Trabalho/Projetos/2026/artigo_llm/data/images/vh/USA_955053.png,/home/s299259068/Área de Trabalho/Projetos/2026/artigo_llm/data/images/pseudo_rgb/USA_955053.png,train
USA_994009,USA,NON_WATER,0,0.7239960613392973,/home/s299259068/Área de Trabalho/Projetos/2026/artigo_llm/sen1floods11/HandLabeled/S1Hand/USA_994009_S1Hand.tif,/home/s299259068/Área de Trabalho/Projetos/2026/artigo_llm/data/images/vv/USA_994009.png,/home/s299259068/Área de Trabalho/Projetos/2026/artigo_llm/data/images/vh/USA_994009.png,/home/s299259068/Área de Trabalho/Projetos/2026/artigo_llm/data/images/pseudo_rgb/USA_994009.png,train
