epoch,step,train_loss,validation_loss,learning_rate
0.0425531914893617,1,3.933426856994629,,0.0002
0.0851063829787234,2,2.90453839302063,,0.00019166666666666667
0.1276595744680851,3,2.1750903129577637,,0.00018333333333333334
0.1702127659574468,4,1.3816275596618652,,0.000175
0.2127659574468085,5,0.8351125717163086,,0.0001666666666666667
0.2553191489361702,6,0.39310961961746216,,0.00015833333333333332
0.2978723404255319,7,0.445406973361969,,0.00015000000000000001
0.3404255319148936,8,0.2795428931713104,,0.00014166666666666668
0.3829787234042553,9,0.1516846865415573,,0.00013333333333333334
0.425531914893617,10,0.11104010790586472,,0.000125
0.46808510638297873,11,0.15477842092514038,,0.00011666666666666668
0.5106382978723404,12,0.29158321022987366,,0.00010833333333333333
0.5531914893617021,13,0.15031668543815613,,0.0001
0.5957446808510638,14,0.15486109256744385,,9.166666666666667e-05
0.6382978723404256,15,0.14854979515075684,,8.333333333333334e-05
0.6808510638297872,16,0.16527609527111053,,7.500000000000001e-05
0.723404255319149,17,0.18293365836143494,,6.666666666666667e-05
0.7659574468085106,18,0.13987183570861816,,5.833333333333334e-05
0.8085106382978723,19,0.1462203413248062,,5e-05
0.851063829787234,20,0.1433444321155548,,4.166666666666667e-05
0.8936170212765957,21,0.09191267937421799,,3.3333333333333335e-05
0.9361702127659575,22,0.13098110258579254,,2.5e-05
0.9787234042553191,23,0.11447153985500336,,1.6666666666666667e-05
1.0,24,0.13073566555976868,,8.333333333333334e-06
1.0,24,,0.1402788907289505,
