image_id,event,representation,true_class,true_class_id,raw_response,predicted_class,prediction_valid
Somalia_12849,Somalia,pseudo_rgb,WATER,1,WATER.,WATER,True
Somalia_166342,Somalia,pseudo_rgb,NON_WATER,0,WATER,WATER,True
Somalia_167787,Somalia,pseudo_rgb,NON_WATER,0,WATER.,WATER,True
Somalia_195014,Somalia,pseudo_rgb,NON_WATER,0,WATER.,WATER,True
Somalia_205466,Somalia,pseudo_rgb,NON_WATER,0,WATER.,WATER,True
Somalia_230192,Somalia,pseudo_rgb,NON_WATER,0,WATER.,WATER,True
Somalia_256539,Somalia,pseudo_rgb,NON_WATER,0,WATER.,WATER,True
Somalia_322855,Somalia,pseudo_rgb,WATER,1,WATER.,WATER,True
Somalia_32375,Somalia,pseudo_rgb,NON_WATER,0,WATER,WATER,True
Somalia_371421,Somalia,pseudo_rgb,WATER,1,WATER.,WATER,True
Somalia_60129,Somalia,pseudo_rgb,NON_WATER,0,WATER.,WATER,True
Somalia_61368,Somalia,pseudo_rgb,NON_WATER,0,WATER.,WATER,True
Somalia_626316,Somalia,pseudo_rgb,WATER,1,WATER.,WATER,True
Somalia_685158,Somalia,pseudo_rgb,WATER,1,WATER.,WATER,True
Somalia_7931,Somalia,pseudo_rgb,NON_WATER,0,WATER,WATER,True
Somalia_886726,Somalia,pseudo_rgb,WATER,1,WATER.,WATER,True
Somalia_93023,Somalia,pseudo_rgb,NON_WATER,0,WATER.,WATER,True
Somalia_970508,Somalia,pseudo_rgb,WATER,1,WATER.,WATER,True
Sri-Lanka_135713,Sri-Lanka,pseudo_rgb,NON_WATER,0,WATER.,WATER,True
Sri-Lanka_14484,Sri-Lanka,pseudo_rgb,WATER,1,WATER.,WATER,True
Sri-Lanka_152185,Sri-Lanka,pseudo_rgb,NON_WATER,0,WATER.,WATER,True
Sri-Lanka_178753,Sri-Lanka,pseudo_rgb,NON_WATER,0,WATER.,WATER,True
Sri-Lanka_236030,Sri-Lanka,pseudo_rgb,NON_WATER,0,WATER.,WATER,True
Sri-Lanka_249079,Sri-Lanka,pseudo_rgb,NON_WATER,0,WATER.,WATER,True
Sri-Lanka_31559,Sri-Lanka,pseudo_rgb,NON_WATER,0,WATER.,WATER,True
Sri-Lanka_321316,Sri-Lanka,pseudo_rgb,WATER,1,WATER.,WATER,True
Sri-Lanka_400518,Sri-Lanka,pseudo_rgb,NON_WATER,0,WATER.,WATER,True
Sri-Lanka_52223,Sri-Lanka,pseudo_rgb,NON_WATER,0,WATER.,WATER,True
Sri-Lanka_523539,Sri-Lanka,pseudo_rgb,WATER,1,WATER.,WATER,True
Sri-Lanka_534068,Sri-Lanka,pseudo_rgb,WATER,1,WATER.,WATER,True
Sri-Lanka_612594,Sri-Lanka,pseudo_rgb,WATER,1,WATER.,WATER,True
Sri-Lanka_713926,Sri-Lanka,pseudo_rgb,WATER,1,WATER.,WATER,True
Sri-Lanka_748447,Sri-Lanka,pseudo_rgb,NON_WATER,0,WATER.,WATER,True
Sri-Lanka_845821,Sri-Lanka,pseudo_rgb,WATER,1,WATER.,WATER,True
Sri-Lanka_847275,Sri-Lanka,pseudo_rgb,WATER,1,WATER.,WATER,True
Sri-Lanka_849649,Sri-Lanka,pseudo_rgb,NON_WATER,0,WATER.,WATER,True
Sri-Lanka_85652,Sri-Lanka,pseudo_rgb,NON_WATER,0,WATER.,WATER,True
Sri-Lanka_916628,Sri-Lanka,pseudo_rgb,WATER,1,WATER.,WATER,True
Sri-Lanka_922192,Sri-Lanka,pseudo_rgb,NON_WATER,0,WATER.,WATER,True
Sri-Lanka_92824,Sri-Lanka,pseudo_rgb,WATER,1,WATER.,WATER,True
