feature,importance
vh_std,0.1917424425861183
vh_p10,0.11684223775447793
vv_min,0.10690873828351881
vv_std,0.10642957967186777
vv_minus_vh_std,0.08029574064695988
vv_p10,0.04768107115414137
vh_min,0.04355522356879113
vh_mean,0.03920419292763034
vh_p25,0.03632471946929427
vv_minus_vh_mean,0.02513104596866535
vv_mean,0.02244249790316806
vv_minus_vh_median,0.020596206249982103
vv_p90,0.019004748498065924
vv_div_vh_std,0.018123839701399382
vv_p25,0.01703284294550746
vv_p75,0.015134807182174198
vh_p75,0.014574292444191391
vh_p90,0.013205611116930752
vv_median,0.012920359580897392
vv_div_vh_mean,0.01228746871731739
vv_div_vh_median,0.012150426169600749
vh_median,0.011155017365251511
vv_max,0.008933939405626654
vh_max,0.008322950688421813
