epoch,phase,train_loss,validation_loss,validation_accuracy,validation_balanced_accuracy,validation_precision,validation_recall,validation_f1,validation_roc_auc,train_seconds,validation_seconds,epoch_seconds,trainable_parameters,checkpoint_selected,bad_epochs_after_warmup
1,head-only,0.5022356577592577,0.38774028561907536,0.9,0.8999999999999999,0.9444444444444444,0.85,0.8947368421052632,0.93,6.859795222000685,1.4023181530064903,8.29594773199642,1026,True,0
2,head-only,0.2944139008812453,0.3645655520405567,0.875,0.875,0.9411764705882353,0.8,0.8648648648648648,0.9450000000000001,7.4067154489894165,1.5823597029957455,8.990300822988502,1026,False,0
3,head-only,0.254959443603561,0.4149454592776018,0.825,0.825,0.9333333333333333,0.7,0.8,0.94,7.16928093599563,1.7554647180077154,8.926683434998267,1026,False,0
4,layer4+fc,0.39756522518754805,0.471803292015185,0.8,0.8,1.0,0.6,0.7499999999999999,0.9624999999999999,10.501302375996602,1.6251331219973508,12.128334606997669,8394754,False,1
5,layer4+fc,0.19516548514667084,0.34192550209015177,0.825,0.825,0.8823529411764706,0.75,0.8108108108108107,0.9400000000000001,10.416907509992598,1.6139063720038394,12.03210465099255,8394754,False,2
6,layer4+fc,0.06774698150956578,0.4375190922745642,0.9,0.8999999999999999,0.8636363636363636,0.95,0.9047619047619048,0.935,10.72138038999401,1.6744138899957761,12.396957245000522,8394754,False,3
7,layer4+fc,0.05818726120677674,0.4565660078747663,0.925,0.925,0.9047619047619048,0.95,0.9268292682926829,0.9525,10.994208038013312,1.7790270629920997,12.848152296995977,8394754,True,0
8,layer4+fc,0.16800198972319452,0.4018412858252816,0.825,0.825,0.76,0.95,0.8444444444444444,0.9450000000000001,10.471170475007966,1.8314277019962901,12.304795298987301,8394754,False,1
9,layer4+fc,0.06696410441776397,0.4596526895314589,0.825,0.825,0.782608695652174,0.9,0.8372093023255814,0.9299999999999999,12.55990121999639,1.78949029299838,14.351595888001611,8394754,False,2
10,layer4+fc,0.015956240907082746,0.6386895945878989,0.85,0.8500000000000001,0.8888888888888888,0.8,0.8421052631578948,0.9275,11.357716494996566,1.7827875119983219,13.142424491001293,8394754,False,3
11,layer4+fc,0.006173623638682166,0.6439125650496542,0.8,0.8,0.75,0.9,0.8181818181818182,0.9299999999999999,11.299726448007277,1.834627725998871,13.135952372002066,8394754,False,4
12,layer4+fc,0.004547781819660705,1.3990472507465601,0.725,0.725,0.6451612903225806,1.0,0.7843137254901961,0.9299999999999999,11.910484243999235,1.7917032219993416,13.704758066000068,8394754,False,5
